CREATE DATABASE IF NOT EXISTS `ComedyDB` DEFAULT CHARACTER SET 'utf8' DEFAULT COLLATE 'utf8_unicode_ci';

CREATE USER 'ComedyClub'@'localhost' IDENTIFIED BY 'SFComedyClub2013';

GRANT SELECT, INSERT, UPDATE, DELETE, CREATE, DROP, INDEX, ALTER, CREATE TEMPORARY TABLES, CREATE VIEW, EVENT, TRIGGER, SHOW VIEW, CREATE ROUTINE, ALTER ROUTINE, EXECUTE ON `ComedyDB`.* TO 'ComedyClub'@'localhost';

FLUSH PRIVILEGES;

CREATE TABLE IF NOT EXISTS `ComedyDB`.`Users` (
	`id` INT NOT NULL AUTO_INCREMENT, 
	`uid` VARCHAR(8) NOT NULL COLLATE 'utf8_unicode_ci', 
	`name` VARCHAR(100) NOT NULL COLLATE 'utf8_unicode_ci', 
	`nick` VARCHAR(100) NOT NULL COLLATE 'utf8_unicode_ci', 
	`cell` VARCHAR(15)  NOT NULL COLLATE 'utf8_unicode_ci' DEFAULT 'XXX-XXX-XXXX',
	`email` VARCHAR(200) NOT NULL COLLATE 'utf8_unicode_ci',
	`privileges` VARCHAR(10) NOT NULL COLLATE 'utf8_unicode_ci' DEFAULT 'pending', 
	`timestamp` DATETIME NOT NULL,
	UNIQUE KEY (`id`),
	UNIQUE KEY (`uid`),
	UNIQUE KEY (`nick`),
	PRIMARY KEY (`uid`, `name`)
) 	CHARACTER SET 'utf8',
	COLLATE 'utf8_unicode_ci',
	ENGINE = `InnoDB`;

CREATE TABLE IF NOT EXISTS `ComedyDB`.`Security` (
	`id` INT NOT NULL AUTO_INCREMENT, 
	`uid` VARCHAR(8) NOT NULL COLLATE 'utf8_unicode_ci', 
	`password` VARCHAR(50) NOT NULL COLLATE 'utf8_unicode_ci', 
	`timestamp` DATETIME NOT NULL,
	UNIQUE KEY (`id`),
	UNIQUE KEY (`uid`),
	PRIMARY KEY (`id`, `uid`),
	FOREIGN KEY (`uid`) REFERENCES Users (`uid`)
) 	DEFAULT CHARACTER SET 'utf8',
	DEFAULT COLLATE 'utf8_unicode_ci',
	ENGINE = `InnoDB`;
	
	
CREATE TABLE IF NOT EXISTS `ComedyDB`.`Setup` (
	`id` INT NOT NULL AUTO_INCREMENT, 
	`line` TEXT NOT NULL COLLATE 'utf8_unicode_ci', 
	`uid` VARCHAR(8) NOT NULL COLLATE 'utf8_unicode_ci', 
	`timestamp` DATETIME NOT NULL,
	UNIQUE KEY (`id`),
	PRIMARY KEY (`id`, `uid`), 
	FOREIGN KEY (`uid`) REFERENCES Users (`uid`)
) 	CHARACTER SET 'utf8',
	COLLATE 'utf8_unicode_ci',
	ENGINE = `InnoDB`;
	

CREATE TABLE IF NOT EXISTS `ComedyDB`.`Punchline` (
	`id` INT NOT NULL AUTO_INCREMENT, 
	`sid` INT NOT NULL, 
	`line` TEXT NOT NULL COLLATE 'utf8_unicode_ci', 
	`uid` VARCHAR(8) NOT NULL COLLATE 'utf8_unicode_ci', 
	`timestamp` DATETIME NOT NULL,
	UNIQUE KEY (`id`),
	PRIMARY KEY (`id`, `uid`), 
	FOREIGN KEY (`sid`) REFERENCES Setup (`id`),
	FOREIGN KEY (`uid`) REFERENCES Users (`uid`)
) 	CHARACTER SET 'utf8',
	COLLATE 'utf8_unicode_ci',
	ENGINE = `InnoDB`;
	
CREATE TABLE IF NOT EXISTS `ComedyDB`.`BrainstormVote` (
	`id` INT NOT NULL AUTO_INCREMENT, 
	`pid` INT NOT NULL, 
	`vote` INT NOT NULL, 
	`uid` VARCHAR(8) NOT NULL COLLATE 'utf8_unicode_ci', 
	`timestamp` DATETIME NOT NULL,
	UNIQUE KEY (`id`),
	PRIMARY KEY (`pid`, `uid`), 
	FOREIGN KEY (`pid`) REFERENCES Punchline (`id`),
	FOREIGN KEY (`uid`) REFERENCES Users (`uid`)
) 	CHARACTER SET 'utf8',
	COLLATE 'utf8_unicode_ci',
	ENGINE = `InnoDB`;	
	
	
CREATE TABLE IF NOT EXISTS `ComedyDB`.`Brainstorm` (
	`id` INT NOT NULL AUTO_INCREMENT, 
	`sid` INT NOT NULL, 
	`pid` INT NOT NULL, 	
	`line` TEXT NOT NULL COLLATE 'utf8_unicode_ci', 
	`uid` VARCHAR(8) NOT NULL COLLATE 'utf8_unicode_ci', 
	`timestamp` DATETIME NOT NULL,
	UNIQUE KEY (`id`),
	PRIMARY KEY (`id`, `uid`),
	INDEX (`sid`, `pid`), 
	FOREIGN KEY (`uid`) REFERENCES Users (`uid`)
) 	CHARACTER SET 'utf8',
	COLLATE 'utf8_unicode_ci',
	ENGINE = `InnoDB`;
	
CREATE TABLE IF NOT EXISTS `ComedyDB`.`Dictionary` (
	`wid` INT NOT NULL AUTO_INCREMENT,
	`english` varchar(100) NOT NULL COLLATE 'utf8_unicode_ci',
	`russian` varchar(200) NOT NULL COLLATE 'utf8_unicode_ci',
	`ukrainian` varchar(200) NOT NULL COLLATE 'utf8_unicode_ci',
	PRIMARY KEY (`wid`),
	UNIQUE KEY `wid` (`wid`)
) 	CHARACTER SET 'utf8',
	COLLATE 'utf8_unicode_ci',
	ENGINE = `InnoDB`;
	
CREATE TABLE IF NOT EXISTS `ComedyDB`.`Archive` (
	`id` INT(8) NOT NULL AUTO_INCREMENT, 
	`rid` INT(8) NOT NULL, 
	`text` TEXT NOT NULL CHARACTER SET utf8 COLLATE 'utf8_unicode_ci', 
	`type` VARCHAR (6) NOT NULL CHARACTER SET utf8 COLLATE  'utf8_unicode_ci',
	`uid` VARCHAR(8) NOT NULL CHARACTER SET utf8 COLLATE 'utf8_unicode_ci', 
	`mainAuthor` VARCHAR(15) NOT NULL CHARACTER SET utf8 COLLATE utf8_unicode_ci DEFAULT 'none'
	`timestamp` DATETIME NOT NULL,
	UNIQUE KEY (`id`),
	PRIMARY KEY (`id`, `uid`), 
	FOREIGN KEY (`uid`) REFERENCES Users (`uid`)
) 	CHARACTER SET utf8,
	COLLATE 'utf8_unicode_ci',
	ENGINE = `InnoDB`;


CREATE TABLE IF NOT EXISTS `ComedyDB`.`PunchlineLikes` (
	`id` INT NOT NULL AUTO_INCREMENT, 
	`sid` INT NOT NULL, 	
	`pid` INT NOT NULL, 
	`uid` VARCHAR(8) NOT NULL COLLATE 'utf8_unicode_ci', 
	`score` INT(1) NOT NULL, 
	`timestamp` DATETIME NOT NULL,
	UNIQUE KEY (`id`),
	PRIMARY KEY (`id`, `pid`),
	FOREIGN KEY (`sid`) REFERENCES `Setup` (`id`),		
	FOREIGN KEY (`pid`) REFERENCES `Punchline` (`id`),	
	FOREIGN KEY (`uid`) REFERENCES `Users` (`uid`)
) 	DEFAULT CHARACTER SET 'utf8',
	DEFAULT COLLATE 'utf8_unicode_ci',
	ENGINE = `InnoDB`;



INSERT INTO `ComedyDB`.`Users` (`uid`, `name`, `nick`, `cell`, `email`, `privileges`, `timestamp`) VALUES ('741ebb6f', 'Pavel', 'Pavel Anisimov', '9255502853' ,'anisimov@hotmail.com', 'admin', '2013-01-29 09:40:10');

INSERT INTO `ComedyDB`.`Security` (`uid`, `password`, `timestamp`) VALUES ('741ebb6f', 'russia', '2013-01-29 09:40:10');
INSERT INTO `ComedyDB`.`Dictionary` (`english`, `russian`, `ukrainian`) VALUES ('Try to finish the joke as funny as you can', 'Постарайся добить шутку смешно', 'Постарайся добити жарт смішно');

INSERT INTO `ComedyDB`.`Dictionary` (`english`, `russian`, `ukrainian`) VALUES ('Thank you for your punchline. Maybe it is funny.', 'Спасибо за добивку. Может быть она смешная.', 'Спасибі за добивки. Можливо вона смішна.');

INSERT INTO `ComedyDB`.`Dictionary` (`english`, `russian`, `ukrainian`) VALUES ('Put your joke setup hereKin', 'Добавь свой вопрос на брейншторм', 'Додай своє питання на мозковий штурм');

INSERT INTO `ComedyDB`.`Dictionary` (`english`, `russian`, `ukrainian`) VALUES ('Thank you for your effort. One more?', 'Спасибо за ваши потуги... А может ещё по одной? :)', 'Дякуємо за ваші потуги ... А може ще по одній? :)');

INSERT INTO `ComedyDB`.`Users` (`uid`, `name`, `nick`, `email`, `timestamp`) VALUES ('ec0838f2', 'WC-KVN', 'WC-KVN', 'anisimov@hotmail.com', '2013-01-31 05:48:35');

INSERT INTO `ComedyDB`.`Security` (`uid`, `password`, `timestamp`) VALUES ('ec0838f2', 'kvn4all', '2013-01-31 05:48:35');

INSERT INTO `ComedyDB`.`Archive` (`rid`, `text`, `type`, `uid`, `mainAuthor`, `timestamp`) VALUES ('0', '- В Сан-Франциско страшных и некрасивых мальчиков... не бывает... бывает мало водки.', 'joke', 'ec0838f2', 'Pavel', '2007-04-15');

INSERT INTO `ComedyDB`.`Archive` (`rid`, `text`, `type`, `uid`, `mainAuthor`, `timestamp`) VALUES ('0', '- Послала как-то злая мачеха сборную России по футболу в лес за подснежниками... Ну&#44; они и им проиграли...', 'joke', 'ec0838f2', 'Pavel', '2007-04-15');

INSERT INTO `ComedyDB`.`Archive` (`rid`, `text`, `type`, `uid`, `mainAuthor`, `timestamp`) VALUES ('0', '- Скандал. У Жанны Агузаровой начался фотосинтез.', 'joke', 'ec0838f2', 'Pavel', '2007-04-15');

INSERT INTO `ComedyDB`.`Archive` (`rid`, `text`, `type`, `uid`, `mainAuthor`, `timestamp`) VALUES ('0', '- В Сан-Франциско на 39 причале прошла акция &#34;Скажи ...котикам НЕТ&#34; &#40;или Рок против Котиков&#41;', 'joke', 'ec0838f2', 'Pavel', '2007-04-15');

INSERT INTO `ComedyDB`.`Archive` (`rid`, `text`, `type`, `uid`, `mainAuthor`, `timestamp`) VALUES ('0', '- Во время боя курантов&#44; судьи дисквалифицировали одного из курантов&#44; так как он пользовался допингом...', 'joke', 'ec0838f2', 'Pavel', '2007-04-15');

INSERT INTO `ComedyDB`.`Archive` (`rid`, `text`, `type`, `uid`, `mainAuthor`, `timestamp`) VALUES ('0', '- В 1963 году&#44; 15 июля&#44; Терешкова стала первой женщиной-космонавтом. До этого она была первой девушкой-космонавтом.', 'joke', 'ec0838f2', 'Pavel', '2007-04-15');

INSERT INTO `ComedyDB`.`Archive` (`rid`, `text`, `type`, `uid`, `mainAuthor`, `timestamp`) VALUES ('0', '- Миниатюра &#34;Обряд Вуду&#34;<br><i>/На сцене один парень лежЫт на двух стульях&#44; а второй&#44; как бы кАлдун&#44; с бубном над ним. При этом кАлдун что-то шепчет&#44; посыпает лежащего и т.п. Тут выходит третий и говорит/</i><br>- Товарищ Зюганов&#44; может&#44; хватит? Мавзолей уже закрывается.', 'sketch', 'ec0838f2', 'Pavel', '2007-04-15');

INSERT INTO `ComedyDB`.`Archive` (`rid`, `text`, `type`, `uid`, `mainAuthor`, `timestamp`) VALUES ('0', '- Ростропович в стоматологическом кабинете:<br>- Вам какую анестезию? Местную или общую?<br>- Общую.<br><i>/выбегает Никита Малинин или другой лажовый исполнитель и начинает петь под фонограмму. Ростропович реально мучается&#44; и в итоге отрубается/</i>', 'sketch', 'ec0838f2', 'Pavel', '2007-04-15');

INSERT INTO `ComedyDB`.`Archive` (`rid`, `text`, `type`, `uid`, `mainAuthor`, `timestamp`) VALUES ('0', 'Дантист сказал&#44; что у меня такие плохие зубы&#44; что цинга - в моем случае&#44; это даже хорошо...', 'joke', 'ec0838f2', 'Pavel', '2007-04-15');

INSERT INTO `ComedyDB`.`Archive` (`rid`, `text`, `type`, `uid`, `mainAuthor`, `timestamp`) VALUES ('0', '<i>/голосом объявлялы/</i> - А теперь... выступает... пот на лбу... блин&#44; жарко тут у вас...', 'joke', 'ec0838f2', 'Pavel', '2007-04-15');

INSERT INTO `ComedyDB`.`Archive` (`rid`, `text`, `type`, `uid`, `mainAuthor`, `timestamp`) VALUES ('0', '- Как наш Петя впервые в жизни презервативы покупал...<br><i>/маленький мальчик в аптеке покупает презервативы... потом выходит на улицу и отдает их взрослому парню/</i><br>- Петь&#44; когда же ты сам начнешь презервативы покупать...', 'sketch', 'ec0838f2', 'Pavel', '2007-04-15');

INSERT INTO `ComedyDB`.`Archive` (`rid`, `text`, `type`, `uid`, `mainAuthor`, `timestamp`) VALUES ('0', '<u>Продолжение Миниатюры &#34;Вуду&#34;</u><br><i>/Играет испанская мелодитя вроде Инуендо группы Квин. На с цене торреодор с красной тряпкой&#44; которая в итоге оказывается Советским флагом. Выходит парень/</i><br>- Товарищ&#44; Зюганов&#44; ну может хватит своими флагами махать?', 'sketch', 'ec0838f2', 'Pavel', '2007-04-16');

INSERT INTO `ComedyDB`.`Archive` (`rid`, `text`, `type`, `uid`, `mainAuthor`, `timestamp`) VALUES ('0', '- Пожар на мясо комбинате.<br><i>/стоят два пожарника и как бы на огонь смотрят/</i><br>- Как горит... <br>- Может&#44; тушить будем?<br>- Да не... поготь&#44; вон тот кусок еще не прожарился...', 'sketch', 'ec0838f2', 'Kate', '2007-04-17');

INSERT INTO `ComedyDB`.`Archive` (`rid`, `text`, `type`, `uid`, `mainAuthor`, `timestamp`) VALUES ('0', '- Зарисовка Пятница&#44; Тринадцатое. &#40;навеело брейн-штормом&#44; в стиле Катиных пожарников&#41;<br><i>/Робинзон и Пятница/</i><br>- Какое сегодня число&#44; Робинзон?<br>- Тринадцатое&#44; Пятница...<br><i>/перебивка мелодией из ужастиков/</i>', 'sketch', 'ec0838f2', 'Pavel', '2007-04-17');

INSERT INTO `ComedyDB`.`Archive` (`rid`, `text`, `type`, `uid`, `mainAuthor`, `timestamp`) VALUES ('0', '<i>/стоят два доктора/</i><br>- Быстрее&#44; мы его теряем! Быстрее&#44; мы его теряем... Все мы его потеряли...<br><i>/оба снимают шапки и опускают головы... После паузы из-за ширмы высовывается парень/</i><br>- Туки-туки за себя!!!<br>- Мы его нашли!!!', 'sketch', 'ec0838f2', 'Pavel', '2007-04-17');

INSERT INTO `ComedyDB`.`Archive` (`rid`, `text`, `type`, `uid`, `mainAuthor`, `timestamp`) VALUES ('0', '<i>/Роддом в Древней Спарте/</i><br>- Кто?<br>- Мальчик...<br>- Йес! <br><i>/продолжение/</i><br>- А красивый?<br>- Нет...<br>- Может сильный?<br>- Нет...<br>- Кидай сюда! ', 'sketch', 'ec0838f2', 'Pavel', '2007-04-17');

INSERT INTO `ComedyDB`.`Archive` (`rid`, `text`, `type`, `uid`, `mainAuthor`, `timestamp`) VALUES ('0', '- Ты каким станком бреешься?<br>- Джилет Мак 3 Турбо... А ты?<br>- Фрейзерным &#40;токарным&#41;...', 'joke', 'ec0838f2', 'Pavel', '2007-04-17');

INSERT INTO `ComedyDB`.`Archive` (`rid`, `text`, `type`, `uid`, `mainAuthor`, `timestamp`) VALUES ('0', '<i>/Валя на сцене машет самурайским мячем и громко кричит по японски короткие реплики&#44; короче изображает самурая-ниндзю. Из-за ширмы выходит парень с шомпурами с мясом на них/</i><br>- Валь&#44; ну мы долго будем шашлык ждать?<br><i>/Валя начинает насаживать мясо на меч&#44; который оказывается шомпуром/</i>', 'sketch', 'ec0838f2', 'Pavel', '2007-04-17');

INSERT INTO `ComedyDB`.`Archive` (`rid`, `text`, `type`, `uid`, `mainAuthor`, `timestamp`) VALUES ('0', '<i>/парень находит на сцене кошелек/</i><br>- Ух ты! Кошелек! Полон налички! &#36;500!<br><i>/выходит давушка или парень/</i><br>- Ой! Кашелек! А может кто потерял? Слушай&#44; может это многодетная мать одиночка потеряла? Надо дать объявление в газету! <br>- А ты кто вообще?<br>- Я? Твоя совесть!<br>- А ну вали от сюда! Сгинь! Тебя нет! ', 'sketch', 'ec0838f2', 'Pavel', '2007-04-17');

INSERT INTO `ComedyDB`.`Archive` (`rid`, `text`, `type`, `uid`, `mainAuthor`, `timestamp`) VALUES ('0', '- Где-то в послеке Катушки... &#40;полный Космос&#41;<br><i>/звонок в дверь/</i><br>- Добрый день&#44; а Иванов дома?<br>- Нету его... он съехал...<br>- Как жалко&#44; что Иванов съехал с Катушек...', 'sketch', 'ec0838f2', 'Pavel', '2007-04-17');

INSERT INTO `ComedyDB`.`Archive` (`rid`, `text`, `type`, `uid`, `mainAuthor`, `timestamp`) VALUES ('0', 'Сделать пантомиму&#44; как Девид Коперфильд проходит через стену <br>Показать мнимую стену&#44; и как Коперфильд кривляеся в момент прохода', 'idea', 'ec0838f2', 'Pavel', '2007-04-17');

INSERT INTO `ComedyDB`.`Archive` (`rid`, `text`, `type`, `uid`, `mainAuthor`, `timestamp`) VALUES ('0', '<u>Номер &#34;Автомобиль Билла Гейтса&#34;.</u><br><i>/Парень подходит к стулу&#44; который и есть изоброжаемый автомобиль. Делает вид&#44; что открывает дверь ключем&#44; играет заставка Виндос. Парень садится и пару раз пытается влючить мотор&#44; но звучит сигнал ошибки Виндос. Парень пристегивается&#44; и заводит мотор&#44; которы отображается звуком удачной операции Виндос. Через несколько секунд раздается срежет тормозов&#44; удар&#44; звон разбитого стекла&#44; после чего звучит заставка выхода из системы Виндос/</i>', 'sketch', 'ec0838f2', 'Pavel', '2007-04-19');

INSERT INTO `ComedyDB`.`Archive` (`rid`, `text`, `type`, `uid`, `mainAuthor`, `timestamp`) VALUES ('0', '<i>/На сцене 3 парня&#44; выходит девушка одетая в стиле &#34;sexy&#34;/</i><br>- Стриптизершу вызывали?<br>- Что? Кого? <i>/далее к парням/</i> Вы что? Совсем? Кто посмел? <br>- Да не я... у меня алиби...<br>- Знаечит ты!<br>- Паш&#44; да ты че? Ты же знаешь&#44; я завязал...<br>- Тогда кто?<br><i>/из-за ширмы выходит девушка/</i><br>- Так&#44; парни&#44; спокойно. Это ко мне.<br><i>/Парни очень удевленны/</i><br><br>не могу докрутить', 'idea', 'ec0838f2', 'Pavel', '2007-04-19');

INSERT INTO `ComedyDB`.`Archive` (`rid`, `text`, `type`, `uid`, `mainAuthor`, `timestamp`) VALUES ('0', '<u>Как Роман Абромович покупает футболистов в Челси.</u><br><i>/суть номера в том&#44; что Абромович выбирает футболистов как на птичем рынке покупают котят или щенков. Т.е. продовец сидит с коробкой&#44; а Абромович задает вопросы относительно котят-футболистов. Идет прямая просечечка. Могут быть фразы&#44; типа &#34;А вы их топить не пробовали?&#34; и т.п./</i>', 'idea', 'ec0838f2', 'Kate', '2007-04-19');

INSERT INTO `ComedyDB`.`Archive` (`rid`, `text`, `type`, `uid`, `mainAuthor`, `timestamp`) VALUES ('0', '- Путин просто великан&#44; под 2 метра ростом!!!<br>- Не может быть&#44; вроде Владимир Владимирович среднего роста ...<br>- Да вот читай&#44; только за прошлый год ВВП вырос на 6%', 'joke', 'ec0838f2', 'Igor Petrunya', '2007-04-23');

INSERT INTO `ComedyDB`.`Archive` (`rid`, `text`, `type`, `uid`, `mainAuthor`, `timestamp`) VALUES ('0', 'В нашем зоопарке для тигров прошел &#34;День открытых дверей со шведским столом&#34;<br>Ето как???<br>Пооткрывали клетки у тигров к приезду гостей из Швеции.', 'joke', 'ec0838f2', 'Igor Petrunya', '2007-04-23');

INSERT INTO `ComedyDB`.`Archive` (`rid`, `text`, `type`, `uid`, `mainAuthor`, `timestamp`) VALUES ('0', 'Сценка &#34;Расстование&#34;<br>Муж: Все!!! Я ухожу!!! Так не может больше продолжаться. Моему терпению пришел конец. После стольких лет совместной жизни!!!  ...<br>[Пауза]<br>Мы уже 2 часа ходим по магазину а ты так и ничего не выбрала ... Я ухожу. Пойду пока пиво куплю ...', 'sketch', 'ec0838f2', 'Igor Petrunya', '2007-04-23');

INSERT INTO `ComedyDB`.`Archive` (`rid`, `text`, `type`, `uid`, `mainAuthor`, `timestamp`) VALUES ('0', 'А у нас водку и пиво стали в пакетах целофановых продовать.<br>???<br>А то русскиые сдавали стеклотару и списывали с тахов до 50%', 'joke', 'ec0838f2', 'Igor Petrunya', '2007-04-23');

INSERT INTO `ComedyDB`.`Archive` (`rid`, `text`, `type`, `uid`, `mainAuthor`, `timestamp`) VALUES ('0', 'Korrida po-ispanski: vykhodit torreador&#44; mashet kasnoy tripakoy pered bykom<br>Korrida po-indiyski: byk mshet krasnoy triapkoy&#44; torreadory padayut na koleni i moliatsa<br>Korrida po-amerikansky: ludi jrut gamburgery&#44; vokrug pakety iz M<br>Korrida po-russki: vyhodita dva byka&#44; nu ty cho?&#44; a ty cho?', 'sketch', 'ec0838f2', 'Kate', '2007-04-24');

INSERT INTO `ComedyDB`.`Archive` (`rid`, `text`, `type`, `uid`, `mainAuthor`, `timestamp`) VALUES ('0', 'Новая услуга: Секс по телефону в кредит<br>1. Для новичков/начинающих - Discovery Card<br>2. Для специалистов - Master Card', 'joke', 'ec0838f2', 'Igor Petrunya', '2007-04-25');

INSERT INTO `ComedyDB`.`Archive` (`rid`, `text`, `type`, `uid`, `mainAuthor`, `timestamp`) VALUES ('0', 'Дебаты претиндентов на пост президента КаВН. Каминского игнорировать. Или говорить что это портрет первого президента. Можно завернуть все что будет в настоящих выборах - женщина кандидат&#44; досрочный вывод КВНщиков из &#40;скажем&#41; Чикаго&#44; итд.', 'idea', 'ec0838f2', 'Max', '2007-04-26');

INSERT INTO `ComedyDB`.`Archive` (`rid`, `text`, `type`, `uid`, `mainAuthor`, `timestamp`) VALUES ('0', 'Может типа протолкнуть идею&#44; что на самом деле выборы президента проходят каждый год&#44; но каждый раз стараются подобрать претендента похожего на &#34;Легиндарного Чемпиона КВН 1987 года в составе Одесских Джентельменов&#34; Евгения Каминского... и из тысячи кандидатов выбрали одного&#44; как 2 капли воды похожего на &#34;того самого&#34;...', 'idea', 'ec0838f2', 'Pavel', '2007-04-26');

INSERT INTO `ComedyDB`.`Archive` (`rid`, `text`, `type`, `uid`, `mainAuthor`, `timestamp`) VALUES ('0', 'Семеро козлят и серый волк разрешили жилищныи вопрос и подали на восьмую программу.', 'joke', 'ec0838f2', 'Igor Petrunya', '2007-04-29');

INSERT INTO `ComedyDB`.`Archive` (`rid`, `text`, `type`, `uid`, `mainAuthor`, `timestamp`) VALUES ('0', 'Первое место в прокате уверенно держит фильм &#34;Холодное лето ... в Сан Франциско&#34;', 'joke', 'ec0838f2', 'Igor Petrunya', '2007-04-29');

INSERT INTO `ComedyDB`.`Archive` (`rid`, `text`, `type`, `uid`, `mainAuthor`, `timestamp`) VALUES ('0', 'Камасутра для политиков:<br>1. Выяснить дисПозицию сил.<br>2. Занять непримеримую Позицию.<br>3. И потом перейти в оПозицию.', 'joke', 'ec0838f2', 'Igor Petrunya', '2007-04-29');

INSERT INTO `ComedyDB`.`Archive` (`rid`, `text`, `type`, `uid`, `mainAuthor`, `timestamp`) VALUES ('0', 'Не понимаю&#44; каким образом хлеб всему голова?<br>Проборматал колобок и покатился дальше...', 'joke', 'ec0838f2', 'Sashok', '2007-04-30');

INSERT INTO `ComedyDB`.`Archive` (`rid`, `text`, `type`, `uid`, `mainAuthor`, `timestamp`) VALUES ('0', '<i>/на сцене двое; выбегает третий/</i><br>- Ребят! Там на улице чей-то розовый мерседесс... <br>- Розовый Мерседесс? Это Евгения Семеновича...<br>- Я когда парковался&#44; случайно его долбанул... Что же будет?<br><i>/В этот момент под  лирическую музыку через всю сцену проходит толпа: вразных косюмах и нарядах&#44; т.е. школьник&#44; футболист&#44; охотник&#44; десантник&#44; жених с невестой&#44; кто-то в костюме садомазо&#44; Гитлер&#44; и т.д./</i><br>- Ой&#44; мужики... <i>/массирует себе виски/</i> Перед моими глазами только что вся жизнь промелькнула... Ой&#44; пойду я...', 'sketch', 'ec0838f2', 'Pavel', '2007-05-02');

INSERT INTO `ComedyDB`.`Archive` (`rid`, `text`, `type`, `uid`, `mainAuthor`, `timestamp`) VALUES ('0', '<i>/Выпускной в школе вампиров &#40;или нечисти&#41;/</i><br>- Ребята! А поехали рассвет встречать!', 'sketch', 'ec0838f2', 'Pavel', '2007-05-02');

INSERT INTO `ComedyDB`.`Archive` (`rid`, `text`, `type`, `uid`, `mainAuthor`, `timestamp`) VALUES ('0', 'Сделать домашку на тему &#34;Президенские Выборы&#34;. Идея в том&#44; что до выборов президента США остался год&#44; и пора начинать компанию. Естественно надо номинировать Каминского. Прежде чем зарезать идею ее надо покрутить &#40;там вроде много возможностей&#41;.', 'idea', 'ec0838f2', 'Pavel', '2007-05-22');

INSERT INTO `ComedyDB`.`Archive` (`rid`, `text`, `type`, `uid`, `mainAuthor`, `timestamp`) VALUES ('0', 'Казус на аукционе кристи:<br>-Итак мы представляем вам следующий лот под названием &#34;море волнуется&#34;! Море волнуется раз&#44; море волнуется два&#44; море волнуется три&#44; морская фигура на месте замри........', 'idea', 'ec0838f2', 'lexa', '2007-05-26');

INSERT INTO `ComedyDB`.`Archive` (`rid`, `text`, `type`, `uid`, `mainAuthor`, `timestamp`) VALUES ('0', '<i>/новя сказка/</i><br>- Красная Шапочка&#44; пойдешь к бабушке&#44; передашь ей пирожков с маслом... Ах&#44; да&#44; еще сигарет&#44; носков теплых и маляву...', 'sketch', 'ec0838f2', 'Pavel', '2007-06-06');

INSERT INTO `ComedyDB`.`Archive` (`rid`, `text`, `type`, `uid`, `mainAuthor`, `timestamp`) VALUES ('0', '- По статистике&#44; за свою жизнь мужчина съедает 2 кило помады.<br><i>/ширма открывается&#44; там парень и девушка/</i><br>- Дорогая&#44; принесла?<br>- Принесла...<br><i>/девушка дает парню помаду/</i><br>- Ой! Моя любимая&#44; клубничная...<br><i>/парень откусывает помаду/</i>', 'sketch', 'ec0838f2', 'Pavel', '2007-06-06');

INSERT INTO `ComedyDB`.`Archive` (`rid`, `text`, `type`, `uid`, `mainAuthor`, `timestamp`) VALUES ('0', '- По статистике&#44; за свою жизнь мужчина съедает 2 кило помады.<br><i>/выходит парень перемазаный помадой как шоколадом/</i><br>- Враки... кило съел&#44; больше не лезет...', 'sketch', 'ec0838f2', 'Pavel', '2007-06-06');

INSERT INTO `ComedyDB`.`Archive` (`rid`, `text`, `type`, `uid`, `mainAuthor`, `timestamp`) VALUES ('0', '<i>/девушка приводет шатающегося парня/</i><br>- Мама&#44; этот будет жить с нами...<br>- Нет доча&#44; пока папа не протрезвеет&#44; он будет жить на улице.', 'sketch', 'ec0838f2', 'Pavel', '2007-06-06');

INSERT INTO `ComedyDB`.`Archive` (`rid`, `text`, `type`, `uid`, `mainAuthor`, `timestamp`) VALUES ('0', '- Женщина за рулем&#44; хуже Кандолизы Райс с гранатой.', 'joke', 'ec0838f2', 'Pavel', '2007-06-06');

INSERT INTO `ComedyDB`.`Archive` (`rid`, `text`, `type`, `uid`, `mainAuthor`, `timestamp`) VALUES ('0', '<i>/в банке/</i><br>- Всем лежать! У меня пистолет!<br>- Всем стоять! У меня виагра!!!', 'sketch', 'ec0838f2', 'Pavel', '2007-06-06');

INSERT INTO `ComedyDB`.`Archive` (`rid`, `text`, `type`, `uid`, `mainAuthor`, `timestamp`) VALUES ('0', '<i>/на сцене стоит два сапога/</i><br>- О! кто-то сапоги забыл!<br>- Острожно! Это скульптура! &#34;Писающий мальчик случайно попал на оголеный провод&#34;', 'sketch', 'ec0838f2', 'Pavel', '2007-06-06');

INSERT INTO `ComedyDB`.`Archive` (`rid`, `text`, `type`, `uid`, `mainAuthor`, `timestamp`) VALUES ('0', '- А вот как в аэропорту Валнут Крика ищут наркотики...<br><i>/выводят парня на поводке. Парень явно под кайфом... Парню дают тряпку понюхать/</i><br>- Ищи! Ищи! <br><i>/наркоша ищет наркотики/</i>', 'sketch', 'ec0838f2', 'Pavel', '2007-06-06');

INSERT INTO `ComedyDB`.`Archive` (`rid`, `text`, `type`, `uid`, `mainAuthor`, `timestamp`) VALUES ('0', '- Будни спецназа<br><i>/бежит толпа спецназевцев. Последний стреляет очередью и один из бойцов падает... Все останавливаются&#44; короткая пауза/</i><br>- Сидоров сифа! Сидоров сифа!<br><i>/Сидоров вскакивает&#44; и наоборот бежит за всеми. Номер нужно подовать радостно и живо/</i>', 'sketch', 'ec0838f2', 'Pavel', '2007-06-06');

INSERT INTO `ComedyDB`.`Archive` (`rid`, `text`, `type`, `uid`, `mainAuthor`, `timestamp`) VALUES ('0', '<i>/играет музыка из фильма &#34;Цыган&#34;/</i><br>- Будулай вернулся! Будулай вернулся!!!<br><i>/выходит парень в плаще&#44; шарфе и шляпе как у будулая/</i><br>- Будулай&#44; в зеркальце не забудь посмотреть...', 'sketch', 'ec0838f2', 'Pavel', '2007-06-06');

INSERT INTO `ComedyDB`.`Archive` (`rid`, `text`, `type`, `uid`, `mainAuthor`, `timestamp`) VALUES ('0', '- А недавно в Валнут Крике открылся первый ночной клуб.<br><i>/На сцене стоит магнитофон&#44; а перед ним один парень по идиотски танцует под Глызина. Когда пленка заканчивается&#44; парень достает касету и перематывает ее карандашом&#44; потом вставляет обратно и играет Ласковый Май. Выходит другой парень/</i><br>- Леш&#44; там первый ночной клуб открылся&#44; пойдем позырим...', 'sketch', 'ec0838f2', 'Pavel', '2007-06-06');

INSERT INTO `ComedyDB`.`Archive` (`rid`, `text`, `type`, `uid`, `mainAuthor`, `timestamp`) VALUES ('0', '<i>/просто забавный гэг с индейцами/</i><br>- А пойдем к шаману!<br>- К ШАМАНУ!<br><i>/ширма раскрывается&#44; стоит парень и бьет в большой барабан; выходят индейцы/</i><br>- Шаман! Мы пришли!<br><i>/у барабана откидывается крышка&#44; от туда вылазеет шаман/</i>', 'sketch', 'ec0838f2', 'Pavel', '2007-06-06');

INSERT INTO `ComedyDB`.`Archive` (`rid`, `text`, `type`, `uid`, `mainAuthor`, `timestamp`) VALUES ('0', '- Тату салон в Японии.<br><i>/Валя с маленьким ножичком или точнее с мнимым придметом машет в области живота другого парня&#44; при этом выкрикивает самурайские команды. Потом замерает. Через секунду сидящий на стуле очухивается/</i><br>- Ой&#44; здорово! А можно мне на спине купола и Сталина?', 'sketch', 'ec0838f2', 'Pavel', '2007-06-06');

INSERT INTO `ComedyDB`.`Archive` (`rid`, `text`, `type`, `uid`, `mainAuthor`, `timestamp`) VALUES ('0', 'да красота ето страшная сила!<br>а в вашем случае еще и жестокая!', 'joke', 'ec0838f2', 'lexa', '2007-06-08');

INSERT INTO `ComedyDB`.`Archive` (`rid`, `text`, `type`, `uid`, `mainAuthor`, `timestamp`) VALUES ('0', 'недавно джордж буш сильно задумавшись&#44; похудел на 3 килограмма', 'joke', 'ec0838f2', 'lexa', '2007-06-08');

INSERT INTO `ComedyDB`.`Archive` (`rid`, `text`, `type`, `uid`, `mainAuthor`, `timestamp`) VALUES ('0', 'Дочка Шварценегера подошла к папе и говорит&#44; &#34;I need new shoes&#44; new clothes&#44; and new motorcycle&#34;', 'joke', 'ec0838f2', 'Alex P', '2007-06-12');

INSERT INTO `ComedyDB`.`Archive` (`rid`, `text`, `type`, `uid`, `mainAuthor`, `timestamp`) VALUES ('0', 'чемпион мира по боксу написал о себе книгу-под диктовку!', 'joke', 'ec0838f2', 'lexa', '2007-06-13');

INSERT INTO `ComedyDB`.`Archive` (`rid`, `text`, `type`, `uid`, `mainAuthor`, `timestamp`) VALUES ('0', 'а вот я вчера по грибы ходил!<br>в лес что-ли?<br>нет в ночной клуб!', 'joke', 'ec0838f2', 'lexa', '2007-06-13');

INSERT INTO `ComedyDB`.`Archive` (`rid`, `text`, `type`, `uid`, `mainAuthor`, `timestamp`) VALUES ('0', 'на фабрике по производству игрушек произошла утечка хлористого аммиака!<br>какого хрена там делал хлористый аммиак&#44; выясняет следствие!', 'joke', 'ec0838f2', 'lexa', '2007-06-13');

INSERT INTO `ComedyDB`.`Archive` (`rid`, `text`, `type`, `uid`, `mainAuthor`, `timestamp`) VALUES ('0', '- У нас такси можно заказать в любую точку города... <br>- А для любителей экзотики можно рикшу заказать <br><i>/Валя проходит по сцене толкая перед собой шоппинг-карт/</i>...', 'sketch', 'ec0838f2', 'WC', '2007-06-25');

INSERT INTO `ComedyDB`.`Archive` (`rid`, `text`, `type`, `uid`, `mainAuthor`, `timestamp`) VALUES ('0', '- Я на спор могу 2 банки сгущенки съесть... <br>- А что за спор? <br>- Слипнется или нет... ', 'joke', 'ec0838f2', 'WC', '2007-06-25');

INSERT INTO `ComedyDB`.`Archive` (`rid`, `text`, `type`, `uid`, `mainAuthor`, `timestamp`) VALUES ('0', '- У меня аллергия на кошек...<br>- А вы посторайтесь их подольше варить...', 'joke', 'ec0838f2', 'WC', '2007-06-25');

INSERT INTO `ComedyDB`.`Archive` (`rid`, `text`, `type`, `uid`, `mainAuthor`, `timestamp`) VALUES ('0', '- У меня аллергия на кошек...<br>- А вы посторайтесь не питаться в ресторане Каспий!', 'joke', 'ec0838f2', 'WC', '2007-06-25');

INSERT INTO `ComedyDB`.`Archive` (`rid`, `text`, `type`, `uid`, `mainAuthor`, `timestamp`) VALUES ('0', '- Я в детстве ходил в литературный кружок... <br>- Теперь я образованный&#44; культурный и начитанный быдло... ', 'joke', 'ec0838f2', 'WC', '2007-06-25');

INSERT INTO `ComedyDB`.`Archive` (`rid`, `text`, `type`, `uid`, `mainAuthor`, `timestamp`) VALUES ('0', '- А в нашем зоопарке сегодня радость... <br>- Наконец то сдох скунс', 'joke', 'ec0838f2', 'WC', '2007-06-25');

INSERT INTO `ComedyDB`.`Archive` (`rid`, `text`, `type`, `uid`, `mainAuthor`, `timestamp`) VALUES ('0', '- У нас в Валнут Крике закрыли единственный русский ресторан... <br>- Теперь нормальному культурному и интеллигентному человеку негде нажраться и некуда телку сводить... ', 'joke', 'ec0838f2', 'WC', '2007-06-25');

INSERT INTO `ComedyDB`.`Archive` (`rid`, `text`, `type`, `uid`, `mainAuthor`, `timestamp`) VALUES ('0', '- В Валнут Крике прошли соревнования по спортивным пряткам... <br>- Ну как соревнования... Троих спортсменов в розыск объявили...', 'joke', 'ec0838f2', 'WC', '2007-06-25');

INSERT INTO `ComedyDB`.`Archive` (`rid`, `text`, `type`, `uid`, `mainAuthor`, `timestamp`) VALUES ('0', '- Все мужики - козлы... <br>- А так вам&#44; дурам и надо... ', 'joke', 'ec0838f2', 'WC', '2007-06-25');

INSERT INTO `ComedyDB`.`Archive` (`rid`, `text`, `type`, `uid`, `mainAuthor`, `timestamp`) VALUES ('0', '- Все мужики - козлы...<br>- Не все... Некоторые - козы...', 'joke', 'ec0838f2', 'WC', '2007-06-25');

INSERT INTO `ComedyDB`.`Archive` (`rid`, `text`, `type`, `uid`, `mainAuthor`, `timestamp`) VALUES ('0', '- Говорят&#44; что на ранчо Буша по ночам происходят странные вещи... <br>- в библиотеке горит свет и иногда даже можно увидеть Буша читающим!', 'joke', 'ec0838f2', 'WC', '2007-06-25');

INSERT INTO `ComedyDB`.`Archive` (`rid`, `text`, `type`, `uid`, `mainAuthor`, `timestamp`) VALUES ('0', '- Правительство Испании запретило корриду... <br>- &#34;Где мы столько быков найдем?&#34; - Заявили король Испании... <br>- &#34;Приходите вечером в ресторан&#34; - заявил директор ресторана Каспий', 'joke', 'ec0838f2', 'WC', '2007-06-25');

INSERT INTO `ComedyDB`.`Archive` (`rid`, `text`, `type`, `uid`, `mainAuthor`, `timestamp`) VALUES ('0', '- А почему в баскетбол играют преимущественно черные? <br>- Ты что?! Рассист?? Это не политкоректно! Нельзя говорить &#34;баскетбол&#34;! Надо говорить &#34;игра черножопых&#34;...', 'black', 'ec0838f2', 'WC', '2007-06-25');

INSERT INTO `ComedyDB`.`Archive` (`rid`, `text`, `type`, `uid`, `mainAuthor`, `timestamp`) VALUES ('0', '- К сожалению весь наш реквизит поела моль... <br>- Как? Моль поела моль? Где же мы новую моль достанем?', 'joke', 'ec0838f2', 'WC', '2007-06-25');

INSERT INTO `ComedyDB`.`Archive` (`rid`, `text`, `type`, `uid`, `mainAuthor`, `timestamp`) VALUES ('0', '- А я себе домработницу завел... <br>- Опытный домовладелец может заводить домработницу по два-три раза в день', 'joke', 'ec0838f2', 'WC', '2007-06-25');

INSERT INTO `ComedyDB`.`Archive` (`rid`, `text`, `type`, `uid`, `mainAuthor`, `timestamp`) VALUES ('0', '- Кто позволил вам на командные деньги стриптизеру заказывать? <br>- Ну так зал то мертвый&#44; а ето единственное&#44; что сейчас может публику завести…', 'joke', 'ec0838f2', 'WC', '2007-06-25');

INSERT INTO `ComedyDB`.`Archive` (`rid`, `text`, `type`, `uid`, `mainAuthor`, `timestamp`) VALUES ('0', '- Говорят&#44; что новый российский рубль совершенно не возможно подделать... <br>- А еще невозможно отделать туалетную бумагу... все время получается рубль', 'joke', 'ec0838f2', 'WC', '2007-06-25');

INSERT INTO `ComedyDB`.`Archive` (`rid`, `text`, `type`, `uid`, `mainAuthor`, `timestamp`) VALUES ('0', '- Наша команда решила не шутить про блондинок... <br>- А иначе у нас сегодня секса не будет…', 'joke', 'ec0838f2', 'WC', '2007-06-25');

INSERT INTO `ComedyDB`.`Archive` (`rid`, `text`, `type`, `uid`, `mainAuthor`, `timestamp`) VALUES ('0', '- Наша команда решила не шутить про блондинок...<br>- А то они отказываются двигать ширму!', 'joke', 'ec0838f2', 'WC', '2007-06-25');

INSERT INTO `ComedyDB`.`Archive` (`rid`, `text`, `type`, `uid`, `mainAuthor`, `timestamp`) VALUES ('0', '- А у меня папа крановщиком работает... <br>- При этом он постоянно путает краны... Горячий с подъемным...', 'joke', 'ec0838f2', 'WC', '2007-06-25');

INSERT INTO `ComedyDB`.`Archive` (`rid`, `text`, `type`, `uid`, `mainAuthor`, `timestamp`) VALUES ('0', '- Говорят&#44; что тертая морковка восстанавливает мужскую силу... <br>- Ну это смотря как эту морковку тереть', 'joke', 'ec0838f2', 'WC', '2007-06-25');

INSERT INTO `ComedyDB`.`Archive` (`rid`, `text`, `type`, `uid`, `mainAuthor`, `timestamp`) VALUES ('0', '- Говорят&#44; что тертая морковка восстанавливает мужскую силу...<br>- Кто бы мою морковку потер... ', 'joke', 'ec0838f2', 'WC', '2007-06-25');

INSERT INTO `ComedyDB`.`Archive` (`rid`, `text`, `type`, `uid`, `mainAuthor`, `timestamp`) VALUES ('0', '- Ребята&#44; как правильно говорить&#44; у меня свистульку спиздили&#44; или пиздюлину свистнули?', 'black', 'ec0838f2', 'Pavel', '2007-06-25');

INSERT INTO `ComedyDB`.`Archive` (`rid`, `text`, `type`, `uid`, `mainAuthor`, `timestamp`) VALUES ('0', '- У Маши Распутиной губа не дура... у нее губа просто охуеть...', 'black', 'ec0838f2', 'Pavel', '2007-06-25');

INSERT INTO `ComedyDB`.`Archive` (`rid`, `text`, `type`, `uid`, `mainAuthor`, `timestamp`) VALUES ('0', '- Золотое правило некрофилов: &#34;75% найденного в земле принадлежит государству&#34;', 'black', 'ec0838f2', 'Pavel', '2007-06-25');

INSERT INTO `ComedyDB`.`Archive` (`rid`, `text`, `type`, `uid`, `mainAuthor`, `timestamp`) VALUES ('0', '- Недавно Захар Май и Юра Шатунов спели дуэтом. Проект так и назвали &#34;Ласковый Захар Май&#34;', 'black', 'ec0838f2', 'Pavel', '2007-06-25');

INSERT INTO `ComedyDB`.`Archive` (`rid`, `text`, `type`, `uid`, `mainAuthor`, `timestamp`) VALUES ('0', '<i>/Выход под &#34;Мне бы в небо&#34;/</i><br>Стоит 4 парня спиной. Потом потихушки с интервалом в 3-4 секунды по одному поворачиваются и у каждого гениталии прикрыты табличками на которых нарисованы болтающиеся хуи разной длинны по нарастающей. У последнего вместо хуя нарисована пизда. Тогда парни опять в том же порядке начинают поднимать свои картинки и получается&#44; что у них эрекция.', 'black', 'ec0838f2', 'Pavel', '2007-06-25');

INSERT INTO `ComedyDB`.`Archive` (`rid`, `text`, `type`, `uid`, `mainAuthor`, `timestamp`) VALUES ('0', '- Мелочь&#44; а приятно... Именно так думает каждый педофил...', 'black', 'ec0838f2', 'Pavel', '2007-06-25');

INSERT INTO `ComedyDB`.`Archive` (`rid`, `text`, `type`, `uid`, `mainAuthor`, `timestamp`) VALUES ('0', '- Лена хотела сниматься в жестком порно&#44; но ее так и не взяли. Просто она отказалась спать с режиссером...', 'black', 'ec0838f2', 'Pavel', '2007-06-25');

INSERT INTO `ComedyDB`.`Archive` (`rid`, `text`, `type`, `uid`, `mainAuthor`, `timestamp`) VALUES ('0', '- Нам удалось разобрать&#44; о чем говорят немцы в начале порнофильмов... <br>&#34;Русские! Сдафайтес&#44; ви акружени...&#34;', 'black', 'ec0838f2', 'Pavel', '2007-06-25');

INSERT INTO `ComedyDB`.`Archive` (`rid`, `text`, `type`, `uid`, `mainAuthor`, `timestamp`) VALUES ('0', '- Сфинкс. Существо с туловищем кошки и сфинктером человека...', 'black', 'ec0838f2', 'Pavel', '2007-06-25');

INSERT INTO `ComedyDB`.`Archive` (`rid`, `text`, `type`, `uid`, `mainAuthor`, `timestamp`) VALUES ('0', '- Новости из Иваново. Вчера 17 летний Михаил трахнул в жопу своего 7 летнего братика. Да... Иваново - город Инцест.', 'black', 'ec0838f2', 'Pavel', '2007-06-25');

INSERT INTO `ComedyDB`.`Archive` (`rid`, `text`, `type`, `uid`, `mainAuthor`, `timestamp`) VALUES ('0', '- У нас спиздили использованный гандон. Отдайте хотя бы сперму.', 'black', 'ec0838f2', 'Pavel', '2007-06-25');

INSERT INTO `ComedyDB`.`Archive` (`rid`, `text`, `type`, `uid`, `mainAuthor`, `timestamp`) VALUES ('0', '- Там&#44; это&#44; в туалете два пидора ебутся...<br>- Заебись! Ты уже свою команду не узнаешь...', 'black', 'ec0838f2', 'Pavel', '2007-06-25');

INSERT INTO `ComedyDB`.`Archive` (`rid`, `text`, `type`, `uid`, `mainAuthor`, `timestamp`) VALUES ('0', '- Миниатюра &#34;Матроскин и Шарик&#34;<br><i>/выходит парень с надутым презиком/</i><br>- Шарик&#44; ты - балбес! Нет... Шарик&#44; ты - урод! Опять не так... О! Шарик&#44; ты - гандон! <br><i>/отпускает гандон&#44; и он улетает в зал/</i>', 'black', 'ec0838f2', 'Pavel', '2007-06-25');

INSERT INTO `ComedyDB`.`Archive` (`rid`, `text`, `type`, `uid`, `mainAuthor`, `timestamp`) VALUES ('0', '- Дорогие зрители&#44; а у нас для вас приготовлен маленький пиздец :&#41;', 'black', 'ec0838f2', 'Pavel', '2007-06-25');

INSERT INTO `ComedyDB`.`Archive` (`rid`, `text`, `type`, `uid`, `mainAuthor`, `timestamp`) VALUES ('0', '- Большим скандалом завершился очередной слет КСП. У Духовного спиздили свитер и насрали в гитару.  ', 'black', 'ec0838f2', 'WC', '2007-06-25');

INSERT INTO `ComedyDB`.`Archive` (`rid`, `text`, `type`, `uid`, `mainAuthor`, `timestamp`) VALUES ('0', '- В Лос-Анжелесе было решено поставить памятник Майклу Джексону... Сам памятник решено поставить раком. Ну&#44; чтобы все дети могли отомстить.', 'black', 'ec0838f2', 'WC', '2007-06-25');

INSERT INTO `ComedyDB`.`Archive` (`rid`, `text`, `type`, `uid`, `mainAuthor`, `timestamp`) VALUES ('0', '- В древности гонцу который приносил плохие новости рубили голову...<br>- Ну а гонцу который приносил триппер&#44; соответственно...', 'black', 'ec0838f2', 'WC', '2007-06-25');

INSERT INTO `ComedyDB`.`Archive` (`rid`, `text`, `type`, `uid`, `mainAuthor`, `timestamp`) VALUES ('0', '- А давайте в Секс-по-Телефону позвоним&#44; у меня там скидка есть...<br>- А давай мы тебя бесплатно выебем?', 'black', 'ec0838f2', 'WC', '2007-06-25');

INSERT INTO `ComedyDB`.`Archive` (`rid`, `text`, `type`, `uid`, `mainAuthor`, `timestamp`) VALUES ('0', '- Почему в МакДональдсе такая поганая картошка?.. <br>- Френч фрайз! Минздрав предупреждает - не все что френч можно брать в рот.', 'black', 'ec0838f2', 'WC', '2007-06-25');

INSERT INTO `ComedyDB`.`Archive` (`rid`, `text`, `type`, `uid`, `mainAuthor`, `timestamp`) VALUES ('0', '- Ребят&#44; почему от микрофона керосином пахнет?<br>- Понимаешь&#44; этот микрофон специально для шуток про наркоманов...<br>- Ха! А у тебя значит микрофон специально для шуток про секс !', 'black', 'ec0838f2', 'Pavel', '2007-06-25');

INSERT INTO `ComedyDB`.`Archive` (`rid`, `text`, `type`, `uid`, `mainAuthor`, `timestamp`) VALUES ('0', '- Ученые вывели новый вид Кроликов-Наркоманов. Они трахают наркотики!', 'black', 'ec0838f2', 'WC', '2007-06-25');

INSERT INTO `ComedyDB`.`Archive` (`rid`, `text`, `type`, `uid`, `mainAuthor`, `timestamp`) VALUES ('0', '- После успеха фильма &#34;Турецкий Гамбит&#34; были сняты продолжения &#34;Турецкий Пиздит&#34;&#44; &#34;Турецкий Допизделся&#34; и &#34;Турецкому Навешали за Пиздеж&#34; ', 'black', 'ec0838f2', 'Pavel', '2007-06-25');

INSERT INTO `ComedyDB`.`Archive` (`rid`, `text`, `type`, `uid`, `mainAuthor`, `timestamp`) VALUES ('0', '- Я недавно в Италию ездил. Там такая прикольная наклонная башня есть...<br>- &#34;Пися&#34; называется... И с каждым годом она все ниже и ниже... Вот так и мы&#44; мужики&#44; с годами все меньше и меньше... понимаем в архитектуре...', 'black', 'ec0838f2', 'Pavel', '2007-06-25');

INSERT INTO `ComedyDB`.`Archive` (`rid`, `text`, `type`, `uid`, `mainAuthor`, `timestamp`) VALUES ('0', '- Во время весеннего спаривания у кабанов возникают проблемы&#44; так как они перестают нести яйца!<br>- Да&#44; они просто волочат их по земле', 'black', 'ec0838f2', 'WC', '2007-06-25');

INSERT INTO `ComedyDB`.`Archive` (`rid`, `text`, `type`, `uid`, `mainAuthor`, `timestamp`) VALUES ('0', '- А если серьезно&#44; то у нас сперли все документы... <br>- А если не серьезно... то мы их сами по пьяни проебали...', 'black', 'ec0838f2', 'Pavel', '2007-06-25');

INSERT INTO `ComedyDB`.`Archive` (`rid`, `text`, `type`, `uid`, `mainAuthor`, `timestamp`) VALUES ('0', '- В Белом Доме искривление пространства... <br>- Именно так Джорж Буш объяснил&#44; почему он не попадает струей в унитаз.     ', 'black', 'ec0838f2', 'WC', '2007-06-25');

INSERT INTO `ComedyDB`.`Archive` (`rid`, `text`, `type`, `uid`, `mainAuthor`, `timestamp`) VALUES ('0', '- Раньше когда в стране меда не хватало&#44; медведям приходилось не сладко... <br>- Им приходилось ловить пчел-самцов и отсасывать у них...', 'black', 'ec0838f2', 'WC', '2007-06-25');

INSERT INTO `ComedyDB`.`Archive` (`rid`, `text`, `type`, `uid`, `mainAuthor`, `timestamp`) VALUES ('0', '- У нас в Валнут Крике появились настоящие вампиры... они сосут кровь.<br>- В Сан-Франциско же живут не настоящие вампиры. Они просто сосут.', 'black', 'ec0838f2', 'WC', '2007-06-25');

INSERT INTO `ComedyDB`.`Archive` (`rid`, `text`, `type`, `uid`, `mainAuthor`, `timestamp`) VALUES ('0', '- Мне приснился страшный сон. Ночь. Я плыву по реке. Абсолютно голый... в конце колоны... и не тону... И тут я понял... это знак свыше! Говно я последнее! ', 'black', 'ec0838f2', 'Pavel', '2007-06-25');

INSERT INTO `ComedyDB`.`Archive` (`rid`, `text`, `type`, `uid`, `mainAuthor`, `timestamp`) VALUES ('0', '- А давайте Каминскому на день рождения хомячка подарим!... &#40;внутряк&#41;<br>/показывая на Разинского/<br>- А зачем ему 2 хомяка?', 'black', 'ec0838f2', 'Pavel', '2007-06-25');

INSERT INTO `ComedyDB`.`Archive` (`rid`, `text`, `type`, `uid`, `mainAuthor`, `timestamp`) VALUES ('0', '- Предлагаю перед каждой игрой всех КВН-щиков проверять на допинг... <br>- А я всегда от страха непроизвольно допинг сдаю...', 'black', 'ec0838f2', 'Pavel', '2007-06-25');

INSERT INTO `ComedyDB`.`Archive` (`rid`, `text`, `type`, `uid`, `mainAuthor`, `timestamp`) VALUES ('0', '- Мужики&#44; я все пчихаю и пчихаю. Здесь где-то кошка...<br>- Можешь начинать какать - здесь тигр!', 'black', 'ec0838f2', 'Pavel', '2007-06-25');

INSERT INTO `ComedyDB`.`Archive` (`rid`, `text`, `type`, `uid`, `mainAuthor`, `timestamp`) VALUES ('0', '- А сейчас мы вам покажем миниатюру &#34;анальный секс&#34;. И для этого мне потребуется один доброволец из зала... Евгений Семенович&#44; можно вас на минутку? Я один реально с Серегой не справлюсь... ', 'black', 'ec0838f2', 'Pavel', '2007-06-25');

INSERT INTO `ComedyDB`.`Archive` (`rid`, `text`, `type`, `uid`, `mainAuthor`, `timestamp`) VALUES ('0', '/голосом пастора/ <br>- В Калифорнии легализовали проституцию! Ето ли не чудо? Нет! Это блядство! ', 'black', 'ec0838f2', 'Pavel', '2007-06-25');

INSERT INTO `ComedyDB`.`Archive` (`rid`, `text`, `type`, `uid`, `mainAuthor`, `timestamp`) VALUES ('0', '- Большим успехом закончились концерты группы геретофилия в доме присторелых... ', 'black', 'ec0838f2', 'Pavel', '2007-06-25');

INSERT INTO `ComedyDB`.`Archive` (`rid`, `text`, `type`, `uid`, `mainAuthor`, `timestamp`) VALUES ('0', '- Охуительным сексом закончился поход гражданина Иванова в суши бар на Кастро. Как говориться и рыбку съел и на хуй сел. ', 'black', 'ec0838f2', 'Pavel', '2007-06-25');

INSERT INTO `ComedyDB`.`Archive` (`rid`, `text`, `type`, `uid`, `mainAuthor`, `timestamp`) VALUES ('0', '- Я ей и цветы&#44; и конфеты&#44; и так и сяк... не дает. <br>- Может сука? <br>- Может и сука&#44; я же не кинолог... ', 'black', 'ec0838f2', 'Pavel', '2007-06-25');

INSERT INTO `ComedyDB`.`Archive` (`rid`, `text`, `type`, `uid`, `mainAuthor`, `timestamp`) VALUES ('0', '- Что такое групповой секс? Это когда сексом занимаются только те у кого первая группа крови.', 'black', 'ec0838f2', 'Pavel', '2007-06-25');

INSERT INTO `ComedyDB`.`Archive` (`rid`, `text`, `type`, `uid`, `mainAuthor`, `timestamp`) VALUES ('0', '- В СФ опять свет погас<br>- Кто погас? Это я погас? Да ты сам погас! И папа твой погас! И кошка твой погас! Да вся ваша семья - сплошные погасы!', 'black', 'ec0838f2', 'WC', '2007-06-25');

INSERT INTO `ComedyDB`.`Archive` (`rid`, `text`, `type`, `uid`, `mainAuthor`, `timestamp`) VALUES ('0', '- Високо-високо в горах... на самой високой горе&#44; в сугробе сыдели 2 гея и горько-горько плакали... так выпьем же за то&#44; что бы эти пидоры всегда знали свое место!', 'black', 'ec0838f2', 'Pavel', '2007-06-25');

INSERT INTO `ComedyDB`.`Archive` (`rid`, `text`, `type`, `uid`, `mainAuthor`, `timestamp`) VALUES ('0', '- Человек которого выебал гей&#44; в полночь сам становится геем...<br>- Человек которого выебали раком&#44; в полночь сам становится раком...', 'black', 'ec0838f2', 'Pavel', '2007-06-25');

INSERT INTO `ComedyDB`.`Archive` (`rid`, `text`, `type`, `uid`, `mainAuthor`, `timestamp`) VALUES ('0', '<i>Да будь я ходь негром преклонных годов<br>С таким вот до пола членом...<br>Я б в порно без страха  сниматься пошел.<br>И завязал б с КВНом</i>', 'black', 'ec0838f2', 'Pavel', '2007-06-25');

INSERT INTO `ComedyDB`.`Archive` (`rid`, `text`, `type`, `uid`, `mainAuthor`, `timestamp`) VALUES ('0', '- Раньше&#44; булочка с маком 5 копеек стоила. Стакан газированной воды с сиропом 3 копейки... А сейчас... надо быть как минимум милионером что бы малолетку совратить...', 'black', 'ec0838f2', 'Pavel', '2007-06-25');

INSERT INTO `ComedyDB`.`Archive` (`rid`, `text`, `type`, `uid`, `mainAuthor`, `timestamp`) VALUES ('0', '- И все таки 13 - не счастливое число. Правду говорю. Вот мой друг... Трахнул девочку 13 лет... Теперь на свободу выйдет только через 13 лет...', 'black', 'ec0838f2', 'Pavel', '2007-06-25');

INSERT INTO `ComedyDB`.`Archive` (`rid`, `text`, `type`, `uid`, `mainAuthor`, `timestamp`) VALUES ('0', '- Недавно Kатя Лель выпустила новую песню &#34;Муси - Пуси&#34;&#44; которую сразу же запретили в Америке<br>- Почему? <br>- Потому что в Америке &#34;Пуси&#34; это пизда!', 'black', 'ec0838f2', 'Pavel', '2007-06-25');

INSERT INTO `ComedyDB`.`Archive` (`rid`, `text`, `type`, `uid`, `mainAuthor`, `timestamp`) VALUES ('0', '- Kунилингус - это такой языческий праздник', 'black', 'ec0838f2', 'Pavel', '2007-06-25');

INSERT INTO `ComedyDB`.`Archive` (`rid`, `text`, `type`, `uid`, `mainAuthor`, `timestamp`) VALUES ('0', 'DJ на дискотеке в доме инвалидов: <br>- Я не вижу ваши руки!', 'black', 'ec0838f2', 'Pavel', '2007-06-25');

INSERT INTO `ComedyDB`.`Archive` (`rid`, `text`, `type`, `uid`, `mainAuthor`, `timestamp`) VALUES ('0', '<i>Hello&#44; Santa Claus!<br>Beard from the cotton<br>Have you brought us presents?<br>Homosexual &#34;горбатый&#34;</i>', 'black', 'ec0838f2', 'Pavel', '2007-06-25');

INSERT INTO `ComedyDB`.`Archive` (`rid`, `text`, `type`, `uid`, `mainAuthor`, `timestamp`) VALUES ('0', '- Люди&#44; остановите кровопролитие! Покупайте прокладки &#34;Олвейс&#34;!', 'black', 'ec0838f2', 'Pavel', '2007-06-25');

INSERT INTO `ComedyDB`.`Archive` (`rid`, `text`, `type`, `uid`, `mainAuthor`, `timestamp`) VALUES ('0', '- Бармэн!<br>- Вам чего?<br>- Можете сделать виски на 2 пальца?... <br>- Как 2 пальца...', 'black', 'ec0838f2', 'Pavel', '2007-06-25');

INSERT INTO `ComedyDB`.`Archive` (`rid`, `text`, `type`, `uid`, `mainAuthor`, `timestamp`) VALUES ('0', '- Мышка бежала&#44; хвостиком махнула&#44; хвостик и отвалился... Прокаженная наверно. ', 'black', 'ec0838f2', 'Pavel', '2007-06-25');

INSERT INTO `ComedyDB`.`Archive` (`rid`, `text`, `type`, `uid`, `mainAuthor`, `timestamp`) VALUES ('0', '- А что&#44; Ленка сейчас &#34;Single&#34;? <br>- Да нет&#44; я ее вчера с вот таким дылдой видел… <br>- Ето не дылда&#44; это &#34;Dildo&#34;…', 'black', 'ec0838f2', 'Pavel', '2007-06-25');

INSERT INTO `ComedyDB`.`Archive` (`rid`, `text`, `type`, `uid`, `mainAuthor`, `timestamp`) VALUES ('0', '- Вчера какие-то отморозки начистили Филипу Kиркорову ебало<br>- Теперь оно у него чистое', 'black', 'ec0838f2', 'Pavel', '2007-06-25');

INSERT INTO `ComedyDB`.`Archive` (`rid`, `text`, `type`, `uid`, `mainAuthor`, `timestamp`) VALUES ('0', '- Недавно в Сан Франциско прошла акция &#34;Секс против Наркотиков&#34;<br>- Kороче&#44; какие-то пидорасы выебали всех наркоманов', 'black', 'ec0838f2', 'Pavel', '2007-06-25');

INSERT INTO `ComedyDB`.`Archive` (`rid`, `text`, `type`, `uid`, `mainAuthor`, `timestamp`) VALUES ('0', '- Мой друг хотел пойти учиться на гинеколога&#44; но провалил экзамены. После этого он не прошел медкомисию в военкомате. Kак говориться ни в пизду&#44; ни в Kрасную Армию', 'black', 'ec0838f2', 'Pavel', '2007-06-25');

INSERT INTO `ComedyDB`.`Archive` (`rid`, `text`, `type`, `uid`, `mainAuthor`, `timestamp`) VALUES ('0', '- Борис Моисеев - это не только пидорас&#44; а так же 2-3 смешных шутки в привецтвии.', 'black', 'ec0838f2', 'Pavel', '2007-06-25');

INSERT INTO `ComedyDB`.`Archive` (`rid`, `text`, `type`, `uid`, `mainAuthor`, `timestamp`) VALUES ('0', '- Я супер! Я вообще&#44; просто пиздец&#44; как крутой! Пацаны&#44; я властелин! Властелин - это я!<br>- Вы посмотрели привью к фильму &#34;Властелин&#44; пиздец&#34;', 'black', 'ec0838f2', 'Pavel', '2007-06-25');

INSERT INTO `ComedyDB`.`Archive` (`rid`, `text`, `type`, `uid`, `mainAuthor`, `timestamp`) VALUES ('0', '- Ученые до сих пор гадают&#44; кто же был первой сукой в космосе&#44; Белка&#44; Стрелка или Терешкова?', 'black', 'ec0838f2', 'WC', '2007-06-25');

INSERT INTO `ComedyDB`.`Archive` (`rid`, `text`, `type`, `uid`, `mainAuthor`, `timestamp`) VALUES ('0', '- Больше всего шуток украл Евгений Вагиныч Петросян.', 'black', 'ec0838f2', 'Pavel', '2007-06-25');

INSERT INTO `ComedyDB`.`Archive` (`rid`, `text`, `type`, `uid`, `mainAuthor`, `timestamp`) VALUES ('0', 'На черный КВН&#44; миниатюра &#34;Самоубийца&#34;.<br><i>/На стуле сидит парень с пистолетом. Затем он прикладывает его к виску&#44; потом засовывает в рот с явной целью застрелиться. Потом он откладывает это занятье&#44; достает презерватив и надевает его на дуло пистолета. После чего он засовывает пистолет в рот&#44; раздается выстрел&#44; бошка парня дергается и он замерает в позе мертвого. Пару секунд спустя&#44; он очухивается&#44; снимает презерватив с спистолета&#44; и характерным жестом завязывает его как использованый&#44; затем выкидывает/</i><br>- <i>/гзк/</i> Никогда не знаешь когда презервативы спасут твою жизнь.', 'black', 'ec0838f2', 'Pavel', '2007-06-25');

INSERT INTO `ComedyDB`.`Archive` (`rid`, `text`, `type`, `uid`, `mainAuthor`, `timestamp`) VALUES ('0', '- Нетрадиционная медецина<br><i>/стоит парень раком&#44; второй замахивается ногой/</i><br>- Доктор&#44; а точно от гемороя поможет?<br>- Точно-точно.', 'black', 'ec0838f2', 'Pavel', '2007-06-26');

INSERT INTO `ComedyDB`.`Archive` (`rid`, `text`, `type`, `uid`, `mainAuthor`, `timestamp`) VALUES ('0', '- Нетрадиционная медецина &#40;рефрен&#41;<br><i>/стоит парень раком со спущеными штанами&#44; второй раскатывает презерватив/</i><br>- Доктор&#44; а точно от гемороя поможет?<br>- Точно-точно.', 'black', 'ec0838f2', 'Pavel', '2007-06-26');

INSERT INTO `ComedyDB`.`Archive` (`rid`, `text`, `type`, `uid`, `mainAuthor`, `timestamp`) VALUES ('0', '<i>/Идея барабана на новисти&#44; точнее&#44; то что еще на четвертушку хотели сделать/</i><br>На сцене 4 стула и 5 участников. Под мелодию Бени Хила все бегают&#44; а потом как музыка обрывается&#44; все садятся. Тот кому не хватило стула&#44; произносит шутку&#44; после чего забирает стул и уходит. Продолжать пока стулья не кончатся.', 'idea', 'ec0838f2', 'Pavel', '2007-06-26');

INSERT INTO `ComedyDB`.`Archive` (`rid`, `text`, `type`, `uid`, `mainAuthor`, `timestamp`) VALUES ('0', 'Карточный долг - дело чести &#40;обыграть фразу Карточный Долг с Долгом по Кредитным Карточкам&#41;', 'idea', 'ec0838f2', 'Pavel', '2007-06-26');

INSERT INTO `ComedyDB`.`Archive` (`rid`, `text`, `type`, `uid`, `mainAuthor`, `timestamp`) VALUES ('0', '<i>/У волшебника Гудвина/</i><br>- Чего тебе&#44; Страшила?<br>- Мнебы мозгов...<br>- Держи. А тебе Железный Дровосек?<br>- Мне бы сердце...<br>- Держи. А тебе чего?<br>- Мне бы почку...<br>- Да ты что?! У нас на почку в очередь на 2 два года вперед встают...', 'sketch', 'ec0838f2', 'Pavel', '2007-06-26');

INSERT INTO `ComedyDB`.`Archive` (`rid`, `text`, `type`, `uid`, `mainAuthor`, `timestamp`) VALUES ('0', '<i>/случай Жанной Д\&#39;арк/</i><br>- Жанна у меня для тебя две новости&#44; хорошая и плохая. С какой начать?<br>- С хорошей...<br>- Тебя пригласили на праздничный BBQ...', 'sketch', 'ec0838f2', 'Pavel', '2007-06-26');

INSERT INTO `ComedyDB`.`Archive` (`rid`, `text`, `type`, `uid`, `mainAuthor`, `timestamp`) VALUES ('0', '<i>/один сидит на корточках в образе быдло&#44; в его сторону движется второй в образе интелигента/</i><br>- Оп-па&#44; пацанчик... я не понял... быра сюда... Да че щимишся... Я че&#44; должен тут тебя ждать?...<br>- Извините... <br>- Нука давай...<br><i>/меняются кепками&#44; тот кто был быдло становится интелигентом и наоборот&#44; интилигент в быдло/</i><br>- <i>/бывший интелигент/</i> И че надо сказать?<br>- <i>/бывший быдло&#44; очень шугано/</i> Ах&#44; да&#44; извените... Пост здал...<br>- Пост принял... ', 'sketch', 'ec0838f2', 'Pavel', '2007-06-26');

INSERT INTO `ComedyDB`.`Archive` (`rid`, `text`, `type`, `uid`, `mainAuthor`, `timestamp`) VALUES ('0', '<u>Гопники на войне.</u><br><i>/сидят два краснормейца&#44; на встречу идеть солдат фашистой армии/</i><br>- Эй! ты! фйию! иди сюда... Я сказал сюда иди...<br>- Вас? Нихт ферштейн...<br>- Опа&#44; да ты че? не местный? <br>- Найн&#44; их бин дойчен зольдатен<br>- Ну&#44; че там&#44; есть секреты какие-нибудь&#44; карты складов?<br>- Найн&#44; нихт зекрейтен....<br>- А если найду?<br><i>/второй краснармеец/</i><br>- Ты вобще Лысого знаешь?<br>- Вас?<br>- А Усатого? Ты вообще кого-нибудь знаешь? Ты понимаешь&#44; что попал? Пошли с бригадиром познакомлю...<br><i>/уходят/</i>', 'sketch', 'ec0838f2', 'Pavel', '2007-06-26');

INSERT INTO `ComedyDB`.`Archive` (`rid`, `text`, `type`, `uid`, `mainAuthor`, `timestamp`) VALUES ('0', '- Нука&#44; сынок&#44; покажи дневник... так&#44; что это? Двойка? А ну снимай штаны...<br>- Пап за чем? У меня все равно длиннее...', 'joke', 'ec0838f2', 'Pavel', '2007-06-26');

INSERT INTO `ComedyDB`.`Archive` (`rid`, `text`, `type`, `uid`, `mainAuthor`, `timestamp`) VALUES ('0', 'Ребята а пойдемте туда где не умолкает музыка&#44; много баров с пьяными матросами&#44; куча девушек&#44; гангстеров!<br>-что хочешь отдохнуть по взрослому<br>-нет я просто там живу и один боюсь ходить!', 'joke', 'ec0838f2', 'lexa', '2007-06-27');

INSERT INTO `ComedyDB`.`Archive` (`rid`, `text`, `type`, `uid`, `mainAuthor`, `timestamp`) VALUES ('0', '<u>Миниатюра первое свидание</u><br><i>/стоит парень в костюме с цветами и коробкой конфет; время от времени парень поглядывает на часы и нервнечает. В это время открывается ширма с характерным лязгом&#44; и конвоир вводе девушку/</i><br>- Свидание - полчаса!', 'sketch', 'ec0838f2', 'Pavel', '2007-06-28');

INSERT INTO `ComedyDB`.`Archive` (`rid`, `text`, `type`, `uid`, `mainAuthor`, `timestamp`) VALUES ('0', '- В Небраске в 50 килограммовом баклажане обнаружены задатки интеллекта. Баклажан уже вступил в Республиканскую партию и по прогнозам к 2012 году может стать президентом США.', 'joke', 'ec0838f2', 'Pavel', '2007-06-28');

INSERT INTO `ComedyDB`.`Archive` (`rid`, `text`, `type`, `uid`, `mainAuthor`, `timestamp`) VALUES ('0', '- Чебурек купленный на Втором Брайтоне выполняет команду &#34;Дай Лапу&#34; и &#34;Сидеть&#34;', 'joke', 'ec0838f2', 'Pavel', '2007-06-28');

INSERT INTO `ComedyDB`.`Archive` (`rid`, `text`, `type`, `uid`, `mainAuthor`, `timestamp`) VALUES ('0', '- Вчера из нашего музея похитили картину Микеланджело &#34;Стыд&#34; и картину Да-Винчи &#34;Совесть&#34;. Теперь у нас ни стыда&#44; ни совести.', 'joke', 'ec0838f2', 'Pavel', '2007-06-28');

INSERT INTO `ComedyDB`.`Archive` (`rid`, `text`, `type`, `uid`, `mainAuthor`, `timestamp`) VALUES ('0', '<u>Миниатюра - Девушка очень хочет замуж</u><br><i>/сет-ап свадьбы&#44; когда невеста должна бросать букет/</i><br>- А сейчас по традиции невеста бросит свадебный букет...<br><i>/выходят несколько девушек и готовятся ловить букет&#44; от куда-то слышен женский голос/</i><br>- Подождите!!! Подождите меня!!! Ну подождите же!!!<br><i>/выбегает запыхавшаяся девушка в форме футбольного вратаря в перчатка&#44; свитере&#44; шортах и гетрах; делает пару разминочных движений/</i><br>- Все&#44; я готова!', 'sketch', 'ec0838f2', 'Pavel', '2007-06-28');

INSERT INTO `ComedyDB`.`Archive` (`rid`, `text`, `type`, `uid`, `mainAuthor`, `timestamp`) VALUES ('0', 'В детстве Леша играл со спичками… на деньги… ', 'joke', 'ec0838f2', 'Pavel', '2007-07-10');

INSERT INTO `ComedyDB`.`Archive` (`rid`, `text`, `type`, `uid`, `mainAuthor`, `timestamp`) VALUES ('0', 'Танкисты-клаустсрофобы предпочитают ездить на танках кабриолетах.', 'joke', 'ec0838f2', 'Pavel', '2007-07-10');

INSERT INTO `ComedyDB`.`Archive` (`rid`, `text`, `type`, `uid`, `mainAuthor`, `timestamp`) VALUES ('0', 'В американских сказках добро побеждает Республиканцев.', 'joke', 'ec0838f2', 'Pavel', '2007-07-10');

INSERT INTO `ComedyDB`.`Archive` (`rid`, `text`, `type`, `uid`, `mainAuthor`, `timestamp`) VALUES ('0', 'Лев Толстой с помошю бороды мог легко обходится без мочалки...', 'joke', 'ec0838f2', 'Pavel', '2007-07-10');

INSERT INTO `ComedyDB`.`Archive` (`rid`, `text`, `type`, `uid`, `mainAuthor`, `timestamp`) VALUES ('0', 'В Валнут Крике слабых и некрасивых детей сбрасывали на батут.', 'joke', 'ec0838f2', 'Pavel', '2007-07-10');

INSERT INTO `ComedyDB`.`Archive` (`rid`, `text`, `type`, `uid`, `mainAuthor`, `timestamp`) VALUES ('0', '- Скажи честно&#44; тебе Юля Тимошенко нравится?<br>- Нравится&#44; не нравится - с нефтью все красавицы...', 'joke', 'ec0838f2', 'WC', '2007-07-10');

INSERT INTO `ComedyDB`.`Archive` (`rid`, `text`, `type`, `uid`, `mainAuthor`, `timestamp`) VALUES ('0', '- Почему в Америке так не популярен Евро-ремонт?<br>- Потому-что у нас популярен Мексо-ремонт!', 'joke', 'ec0838f2', 'WC', '2007-07-10');

INSERT INTO `ComedyDB`.`Archive` (`rid`, `text`, `type`, `uid`, `mainAuthor`, `timestamp`) VALUES ('0', 'Алла Пугачева решила на прощанье трянуть стариной&#44; и теперь на этом месте большой&#44; хороший пляж.', 'joke', 'ec0838f2', 'WC', '2007-07-10');

INSERT INTO `ComedyDB`.`Archive` (`rid`, `text`, `type`, `uid`, `mainAuthor`, `timestamp`) VALUES ('0', '- Ко мне какая-то маньячка звонит по ночам и в трубку дышит...<br>- Если трубка показывает меньше 0.08 процента алкоголя&#44; то все нормально!', 'joke', 'ec0838f2', 'WC', '2007-07-10');

INSERT INTO `ComedyDB`.`Archive` (`rid`, `text`, `type`, `uid`, `mainAuthor`, `timestamp`) VALUES ('0', '- Валнут Крик - это родина рэпа&#44; Ар-эн-Би и хип-хопа... А так же кладбище шансона и авторской песни...', 'joke', 'ec0838f2', 'WC', '2007-07-10');

INSERT INTO `ComedyDB`.`Archive` (`rid`, `text`, `type`, `uid`, `mainAuthor`, `timestamp`) VALUES ('0', '- Я недавно на гараж-сейле велотренажор купил... Бесплатно!<br>- Это как?<br>- Крутил педали пока не дали :&#41;', 'joke', 'ec0838f2', 'WC', '2007-07-10');

INSERT INTO `ComedyDB`.`Archive` (`rid`, `text`, `type`, `uid`, `mainAuthor`, `timestamp`) VALUES ('0', '- Слушай&#44; а у тебя какой знак зодиака?<br>- Осторожно &#34;Дети&#34;!', 'joke', 'ec0838f2', 'WC', '2007-07-10');

INSERT INTO `ComedyDB`.`Archive` (`rid`, `text`, `type`, `uid`, `mainAuthor`, `timestamp`) VALUES ('0', '- Почему перед КВНом как в бейзболе не играет гимн США?<br>- Минусовку не могут найти.', 'joke', 'ec0838f2', 'WC', '2007-07-10');

INSERT INTO `ComedyDB`.`Archive` (`rid`, `text`, `type`, `uid`, `mainAuthor`, `timestamp`) VALUES ('0', '- Когда Леша родился&#44; по радио игал Укупник&#44; шел дождь&#44; хоронили Брежнева... ', 'joke', 'ec0838f2', 'WC', '2007-07-10');

INSERT INTO `ComedyDB`.`Archive` (`rid`, `text`, `type`, `uid`, `mainAuthor`, `timestamp`) VALUES ('0', '- Мне моя подруга очень шхуну напоминает...<br>- На ней что&#44; тоже вся команда побывала?<br>- Нет&#44; я просто об нее не одну бутылку шампанского разбил!<br>- А мне моя тоже напоминает шхуну... или шлюпку... О! Вспомнил&#44; шлюху напоминает!!!<br>- Кстати&#44; моя подруга тоже шхуну напоминает!<br>- А! наверно у нее корма высокая? <br>- Да нет&#44; просто у нее в трюме течь&#44; и давно пора на капитальный ремонт...', 'joke', 'ec0838f2', 'WC', '2007-07-10');

INSERT INTO `ComedyDB`.`Archive` (`rid`, `text`, `type`, `uid`, `mainAuthor`, `timestamp`) VALUES ('0', '- Наш звуковик работает как часы...<br>- С октября по апрель отстает на час.', 'joke', 'ec0838f2', 'WC', '2007-07-10');

INSERT INTO `ComedyDB`.`Archive` (`rid`, `text`, `type`, `uid`, `mainAuthor`, `timestamp`) VALUES ('0', '- А сейчас смертельный номер! Леша сделает тройной кульбит с переворотом... или похорошему вернет долг...', 'joke', 'ec0838f2', 'WC', '2007-07-10');

INSERT INTO `ComedyDB`.`Archive` (`rid`, `text`, `type`, `uid`, `mainAuthor`, `timestamp`) VALUES ('0', '- Ради финала мы готовы пойти по головам... по бабам ходили&#44; не помогает...', 'joke', 'ec0838f2', 'WC', '2007-07-10');

INSERT INTO `ComedyDB`.`Archive` (`rid`, `text`, `type`, `uid`, `mainAuthor`, `timestamp`) VALUES ('0', '- Мои дальние родственики владеют плантацией в Южной Каролине...<br>- А мои ближние родственники владеют дальними родствениками...', 'joke', 'ec0838f2', 'WC', '2007-07-10');

INSERT INTO `ComedyDB`.`Archive` (`rid`, `text`, `type`, `uid`, `mainAuthor`, `timestamp`) VALUES ('0', '- Вчера был ограблен Сперм-Банк. Преступников задержали при попытке спустить награбленное...', 'joke', 'ec0838f2', 'WC', '2007-07-10');

INSERT INTO `ComedyDB`.`Archive` (`rid`, `text`, `type`, `uid`, `mainAuthor`, `timestamp`) VALUES ('0', '- Вчера был ограблен секс-шоп. Украдено продукции всумме на 2 метра 28 сантиметров...  ', 'joke', 'ec0838f2', 'WC', '2007-07-10');

INSERT INTO `ComedyDB`.`Archive` (`rid`, `text`, `type`, `uid`, `mainAuthor`, `timestamp`) VALUES ('0', '- А перед выходом на сцену наша команда наелась неспелого гороха&#44; по этому в нашем выступлении будет много экспромта!', 'joke', 'ec0838f2', 'WC', '2007-07-10');

INSERT INTO `ComedyDB`.`Archive` (`rid`, `text`, `type`, `uid`, `mainAuthor`, `timestamp`) VALUES ('0', '- А сейчас мы покажем шуточный номер &#34;Порабощение Человечества&#34;... для номера нам потребуется изотоп Урана-231&#44; немного везения и трехрукий доброволец из зала...', 'joke', 'ec0838f2', 'WC', '2007-07-10');

INSERT INTO `ComedyDB`.`Archive` (`rid`, `text`, `type`, `uid`, `mainAuthor`, `timestamp`) VALUES ('0', 'случай в самом бедном казино.<br>&#40;на столе стои две чашки&#44; два игрока&#44; один отпивает из чашки&#41;<br>-ммм отличная вода! попробуйте<br>-да замечательная<br>&#40;в этот момент вбегает мужик отстреливаясь от погони&#44; вываливает содержимое мешка на стол&#41;<br>-делайте ваши ставки господа!', 'sketch', 'ec0838f2', 'lexa', '2007-07-13');

INSERT INTO `ComedyDB`.`Archive` (`rid`, `text`, `type`, `uid`, `mainAuthor`, `timestamp`) VALUES ('0', '- Крематорий&#44; лучший крем &#40;или способ&#41; для сжигания лишних калорий...', 'joke', 'ec0838f2', 'Pavel', '2007-07-13');

INSERT INTO `ComedyDB`.`Archive` (`rid`, `text`, `type`, `uid`, `mainAuthor`, `timestamp`) VALUES ('0', 'Миниатюра - Раскрытие Шпиона<br><i>/стоят четыре парня&#44; один из них говорит/</i><br>- Мне только что сообщили&#44; что среди нас есть шпион иностранной разведки! Это он!<br><i>/говорящий&#44; указывает на парня&#44; который сначала пугается&#44; потом резко кусает себя за воротник&#44; и у него резко виснит голова&#44; как будто он умер/</i><br>- А нет&#44; не он... Тот живой был...<br><i>/начинают уходить; шпион в этот момент опять кусает себя уже за другой воротник и резко оживает&#44; после чего бежит в другую сторону&#44; остальные за ним/</i>', 'sketch', 'ec0838f2', 'Pavel', '2007-07-16');

INSERT INTO `ComedyDB`.`Archive` (`rid`, `text`, `type`, `uid`, `mainAuthor`, `timestamp`) VALUES ('0', '- О! Давай пошутим про внутрематочную беременность?<br>- Не зайдет... Это же внутряк.', 'black', 'ec0838f2', 'Pavel', '2007-07-16');

INSERT INTO `ComedyDB`.`Archive` (`rid`, `text`, `type`, `uid`, `mainAuthor`, `timestamp`) VALUES ('0', '- Летом все делают деньги кто как может. Пляж Брайтон-Бич.<br><i>/два парня стоят&#44; и играют в камень-ножницы-бумага; первые два раза ничья&#44; на третий раз один из них выигрывает; после чего проигравший садится на корточки&#44; а тот кто выиграл начинает зазывать народ/</i><br>- Не хотите с обезьянкой сфотографироваться? Ну же? С обезьянкой не хотите?', 'sketch', 'ec0838f2', 'Pavel', '2007-07-17');

INSERT INTO `ComedyDB`.`Archive` (`rid`, `text`, `type`, `uid`, `mainAuthor`, `timestamp`) VALUES ('0', '- У нас в Валнут Крике процветает равноправие!<br><i>/двое&#44; один на корточках&#44; один стоит/</i><br>- С обезьянкой не желаем сфотографироваться? Молодой человек!<br><i>/реазко присаживается; тот кто сидел резко встает/</i><br>- С человеком не желаем сфотографироваться? Девушка&#44; да&#44; вы!<br><i>/разко присаживается&#44; и все повторяется 2-3 раза/</i>', 'sketch', 'ec0838f2', 'Pavel', '2007-07-17');

INSERT INTO `ComedyDB`.`Archive` (`rid`, `text`, `type`, `uid`, `mainAuthor`, `timestamp`) VALUES ('0', '<u>Номер &#34;Обраная эволюция в музыке&#34;</u><br><i>/идет нарезка песен по низходящей&#44; по 2-3 секунды или по одной строчке чего-то известного. смиксованно плавно&#44; т.е. без обрываний. все песни пародирует актер.<br>Сначала поет Шаляпин или еще кто-то качественный&#44; типа Серова&#44; но при этом очень узнаваемый отрезок; актер нормально &#34;поёт&#34;.<br>Затем скажем&#44; играет Дискатека Авария&#44; парень передает емимикой.<br>Затем резко переход на вроде как Богдана Титомира или Фристайл; актер немного приседает.<br>Резкий переход на что-то Африканское&#44; что бы подчернуть что это пещерная музыка; актер в виде обезьяны прыгет по сцене... <br>И самое последнее звено эволюции... выбор большой&#44; от Сердючки до Руки Вверх&#44; Тимати&#44; Фактор-2&#44; Никиты Малинина&#44; Стаса Пьехи... короче&#44; что в Большом Яблоке лучше зайдет. Идея показать&#44; что выше перечисленные исполнители хуже даже пещерных людей.../ </i>', 'sketch', 'ec0838f2', 'Pavel', '2007-07-20');

INSERT INTO `ComedyDB`.`Archive` (`rid`, `text`, `type`, `uid`, `mainAuthor`, `timestamp`) VALUES ('0', '- Медведь - еврей не сосет лапу зимой&#44; потому что она не кошерная…', 'joke', 'ec0838f2', 'Pavel', '2007-08-02');

INSERT INTO `ComedyDB`.`Archive` (`rid`, `text`, `type`, `uid`, `mainAuthor`, `timestamp`) VALUES ('0', '- Хирурги-эстеты держат скальпель в правой руке&#44; а зажим в левой…', 'joke', 'ec0838f2', 'Pavel', '2007-08-02');

INSERT INTO `ComedyDB`.`Archive` (`rid`, `text`, `type`, `uid`, `mainAuthor`, `timestamp`) VALUES ('0', '- Я знаю&#44;  почему у нас все не так… В нас вселился дявол… Его нужно изгнать!!!<br>- Правильно! Жека&#44; уходи!! <<br><i>/Все вместе/</i><br>- Жека&#44; уходи! Жека&#44; уходи!!!', 'sketch', 'ec0838f2', 'Pavel', '2007-08-02');

INSERT INTO `ComedyDB`.`Archive` (`rid`, `text`, `type`, `uid`, `mainAuthor`, `timestamp`) VALUES ('0', '- Из-за политкорекности&#44; холодильники продают не только белые&#44; но и черные… а с тех пор как Хиллари Клинтон стала сенатором&#44; не только мужского рода&#44; но и женского...', 'joke', 'ec0838f2', 'Pavel', '2007-08-02');

INSERT INTO `ComedyDB`.`Archive` (`rid`, `text`, `type`, `uid`, `mainAuthor`, `timestamp`) VALUES ('0', '- Ученые орнитологи примяли теннисный матч Шараповой за брачный переуд Чаек… &#40;если удачно перефразировать… типа когда она играет&#44; слетаются чайки... или брачный сезон у них начинается&#41;', 'joke', 'ec0838f2', 'Pavel', '2007-08-02');

INSERT INTO `ComedyDB`.`Archive` (`rid`, `text`, `type`, `uid`, `mainAuthor`, `timestamp`) VALUES ('0', '- Москва – Город-герой!<br>- Киев – Город-герой!<br>- Нью-Йорк – Город-герой? Город-герой!!!<br>- Сан Францисцо – Город-гей.', 'joke', 'ec0838f2', 'Pavel', '2007-08-02');

INSERT INTO `ComedyDB`.`Archive` (`rid`, `text`, `type`, `uid`, `mainAuthor`, `timestamp`) VALUES ('0', '- Мало кто знает&#44; но новая версия Виндос Виста устанавливается прямо на Валнут Крик без глюков.', 'joke', 'ec0838f2', 'Pavel', '2007-08-02');

INSERT INTO `ComedyDB`.`Archive` (`rid`, `text`, `type`, `uid`, `mainAuthor`, `timestamp`) VALUES ('0', '- Случай в цирке.<br>- Куклачова ко мне!!!<br><i>/заходит парень&#44; тот кто его звал начинает резго его за голову тыкать в пол/</i><br>- Это кто сделал? Кто это сделал???', 'sketch', 'ec0838f2', 'Pavel', '2007-08-02');

INSERT INTO `ComedyDB`.`Archive` (`rid`, `text`, `type`, `uid`, `mainAuthor`, `timestamp`) VALUES ('0', '- Бабушка связала фигуру Антио Бандераса в натуральную величину… а на самое главное не хватило шерсти…', 'joke', 'ec0838f2', 'Pavel', '2007-08-02');

INSERT INTO `ComedyDB`.`Archive` (`rid`, `text`, `type`, `uid`, `mainAuthor`, `timestamp`) VALUES ('0', '- Автомат с Коко-колой стал мэром Валнут Крика.', 'joke', 'ec0838f2', 'Pavel', '2007-08-02');

INSERT INTO `ComedyDB`.`Archive` (`rid`, `text`, `type`, `uid`, `mainAuthor`, `timestamp`) VALUES ('0', '<i>/телефонный звонок/</i><br>- О! Мама звОнит!<br>- Эй&#44; правильно говорить не звОнит&#44; а “is calling”…', 'sketch', 'ec0838f2', 'Pavel', '2007-08-02');

INSERT INTO `ComedyDB`.`Archive` (`rid`, `text`, `type`, `uid`, `mainAuthor`, `timestamp`) VALUES ('0', '- Иран не проводит опытов по расщеплению атома&#44; заявил шестилапый рептилоид из Тегерана...', 'joke', 'ec0838f2', 'Pavel', '2007-08-02');

INSERT INTO `ComedyDB`.`Archive` (`rid`, `text`, `type`, `uid`, `mainAuthor`, `timestamp`) VALUES ('0', '- Недавно вышла в продажу водка &#34;Хилари Клинтон&#34;... &#34;Хилари Клинтон&#34; - она реально красивая...', 'joke', 'ec0838f2', 'Pavel', '2007-08-02');

INSERT INTO `ComedyDB`.`Archive` (`rid`, `text`, `type`, `uid`, `mainAuthor`, `timestamp`) VALUES ('0', '- В продажу поступила водка &#34;Любовь&#34;... теперь мужики реально пьяные от &#34;Любви&#34;...', 'joke', 'ec0838f2', 'Pavel', '2007-08-02');

INSERT INTO `ComedyDB`.`Archive` (`rid`, `text`, `type`, `uid`, `mainAuthor`, `timestamp`) VALUES ('0', 'как-нибудь пошутить про высасывание шуток из пальца? типа парень сосет палец&#44; потом достает бумажку из-зо рта и читает с нее шутку... или наоборот&#44; мы не высасываем шутки из пальцев... заставить кого-то сосать палец&#44; а он откажется&#44; и тем самым подтвердим сказанное...', 'idea', 'ec0838f2', 'Pavel', '2007-08-02');

INSERT INTO `ComedyDB`.`Archive` (`rid`, `text`, `type`, `uid`, `mainAuthor`, `timestamp`) VALUES ('0', 'надо обыграть фразу &#34;на свободу с чистой совестью&#34; про Статую Свободы... кто может сформулировать???', 'idea', 'ec0838f2', 'Pavel', '2007-08-02');

INSERT INTO `ComedyDB`.`Archive` (`rid`, `text`, `type`, `uid`, `mainAuthor`, `timestamp`) VALUES ('0', '/есть идея сделать памятник Ленину в Калифорнии... верх памятника стандартный&#44; с протянутой рукой... а низ в шортах-бермудах и на серфинге/', 'idea', 'ec0838f2', 'Pavel', '2007-08-06');

INSERT INTO `ComedyDB`.`Archive` (`rid`, `text`, `type`, `uid`, `mainAuthor`, `timestamp`) VALUES ('0', '- Вчера разьяренная русская женщина вошла в горящий Дом-2 и остановила Ксюшу Собчак... ', 'joke', 'ec0838f2', 'Pavel', '2007-08-11');

INSERT INTO `ComedyDB`.`Archive` (`rid`, `text`, `type`, `uid`, `mainAuthor`, `timestamp`) VALUES ('0', '- Проишествие. Вчера во дворе дома номер 6 была изнасилована снежная баба. По подозрению в совершении преступления задержанно 3 деда мороза...', 'joke', 'ec0838f2', 'Pavel', '2007-08-11');

INSERT INTO `ComedyDB`.`Archive` (`rid`, `text`, `type`, `uid`, `mainAuthor`, `timestamp`) VALUES ('0', '- Если Леша разорвет с нами контракт&#44; то я разорву ему стринги...', 'joke', 'ec0838f2', 'Pavel', '2007-08-11');

INSERT INTO `ComedyDB`.`Archive` (`rid`, `text`, `type`, `uid`, `mainAuthor`, `timestamp`) VALUES ('0', '- Пяный физик-юморист заявил&#44; что он &#34;Кандидат технических и медицинских сприрт&#34;...', 'joke', 'ec0838f2', 'Pavel', '2007-08-11');

INSERT INTO `ComedyDB`.`Archive` (`rid`, `text`, `type`, `uid`, `mainAuthor`, `timestamp`) VALUES ('0', '- Вчера на 680 хайвее произошло восстание машин; говорят&#44; какая-то Киа Элантра захотела мирового господства...', 'joke', 'ec0838f2', 'WC', '2007-08-11');

INSERT INTO `ComedyDB`.`Archive` (`rid`, `text`, `type`, `uid`, `mainAuthor`, `timestamp`) VALUES ('0', '- А вчера ночью наши девченки ходили по грибы-по ягоды... Ну и как? Грибу ничего так&#44; а вот ягоды плохо раскуривались...<br>', 'joke', 'ec0838f2', 'WC', '2007-08-11');

INSERT INTO `ComedyDB`.`Archive` (`rid`, `text`, `type`, `uid`, `mainAuthor`, `timestamp`) VALUES ('0', 'Перед тем как взять Антона &#40;любое имя&#41; в команду&#44; мы заставили его сделать все прививки...Самое главное- мы привили ему любовь гонять за пивом...', 'joke', 'ec0838f2', 'WC', '2007-08-11');

INSERT INTO `ComedyDB`.`Archive` (`rid`, `text`, `type`, `uid`, `mainAuthor`, `timestamp`) VALUES ('0', 'Вчера был угнан личный автомобиль Арнольда Шварцнегера... как выяснилось автомобиль сам дал себя угнать&#44; завез угонщиков в лес&#44; избил их&#44; и вернулся к хозяину ', 'joke', 'ec0838f2', 'WC', '2007-08-11');

INSERT INTO `ComedyDB`.`Archive` (`rid`, `text`, `type`, `uid`, `mainAuthor`, `timestamp`) VALUES ('0', 'Почему бутерброд всегда падает маслом вниз?.. Потому что на полу всегда валяется голодный папа...', 'joke', 'ec0838f2', 'WC', '2007-08-11');

INSERT INTO `ComedyDB`.`Archive` (`rid`, `text`, `type`, `uid`, `mainAuthor`, `timestamp`) VALUES ('0', '- Компания Эпл выпустила безопасные молотки &#34;Ай&#44; сука&#44; прямо по пальцу!!!&#34; ', 'black', 'ec0838f2', 'WC', '2007-08-11');

INSERT INTO `ComedyDB`.`Archive` (`rid`, `text`, `type`, `uid`, `mainAuthor`, `timestamp`) VALUES ('0', 'Почему Нью-Йорк называют Большим Яблоком? Это лучше&#44; чем маленький банан...', 'joke', 'ec0838f2', 'WC', '2007-08-11');

INSERT INTO `ComedyDB`.`Archive` (`rid`, `text`, `type`, `uid`, `mainAuthor`, `timestamp`) VALUES ('0', 'Я по случаю поездки в Нью-Йорк купил себе трусы Дона-Каран-Нью-Йорк... нуууу... такие модные трусы надо поверх штанов носить ', 'joke', 'ec0838f2', 'WC', '2007-08-11');

INSERT INTO `ComedyDB`.`Archive` (`rid`, `text`, `type`, `uid`, `mainAuthor`, `timestamp`) VALUES ('0', 'Я по случаю поездки в Нью-Йорк купил себе трусы Дона-Каран-Нью-Йорк... и семейки Дядя-Вася-КрыЖополь ', 'joke', 'ec0838f2', 'WC', '2007-08-11');

INSERT INTO `ComedyDB`.`Archive` (`rid`, `text`, `type`, `uid`, `mainAuthor`, `timestamp`) VALUES ('0', 'Наш Вася очень боится микробов... они ему в детстве люлей навешали и все деньги отобрали... он их до сих пор боится... ', 'joke', 'ec0838f2', 'WC', '2007-08-11');

INSERT INTO `ComedyDB`.`Archive` (`rid`, `text`, `type`, `uid`, `mainAuthor`, `timestamp`) VALUES ('0', 'Я вчера в казино Евгения Семеновича встретил... потом присмотрелся&#44; нее вроде тумбочки нет&#44; ну думаю померещилось.. ', 'joke', 'ec0838f2', 'WC', '2007-08-11');

INSERT INTO `ComedyDB`.`Archive` (`rid`, `text`, `type`, `uid`, `mainAuthor`, `timestamp`) VALUES ('0', 'Блин! Я за ширмой в жвачку наступил... &#40;Леша снимает с ботинка игрока жвачку&#44; сует в рот и говорит:&#41; &#34;Блин&#44; а я ее с утра ищу!&#34;', 'joke', 'ec0838f2', 'WC', '2007-08-11');

INSERT INTO `ComedyDB`.`Archive` (`rid`, `text`, `type`, `uid`, `mainAuthor`, `timestamp`) VALUES ('0', 'В Манхеттане к 7 ноябрю будет построен памятник Ленину... а рядом памятник Юре Шатунову&#44;&#44; посмотрим кого голуби больше обосрут', 'joke', 'ec0838f2', 'WC', '2007-08-11');

INSERT INTO `ComedyDB`.`Archive` (`rid`, `text`, `type`, `uid`, `mainAuthor`, `timestamp`) VALUES ('0', 'Уборщица из компании Микрософт снялась в голом виде для Плейбоя... Майкрософт по традиции пообещал&#44; что следующая верся будет гораздо лучше ', 'joke', 'ec0838f2', 'WC', '2007-08-11');

INSERT INTO `ComedyDB`.`Archive` (`rid`, `text`, `type`, `uid`, `mainAuthor`, `timestamp`) VALUES ('0', 'Правительство Гондураса решило переименовать название своей страны...  в Гондудва или Гондутри...', 'joke', 'ec0838f2', 'WC', '2007-08-11');

INSERT INTO `ComedyDB`.`Archive` (`rid`, `text`, `type`, `uid`, `mainAuthor`, `timestamp`) VALUES ('0', 'У Леши в пасспорте вместо фотографии - фоторобот...причем на фотороботе Леша маргнул... ', 'joke', 'ec0838f2', 'WC', '2007-08-11');

INSERT INTO `ComedyDB`.`Archive` (`rid`, `text`, `type`, `uid`, `mainAuthor`, `timestamp`) VALUES ('0', 'А к нам пришла записка “Передайте привет клевым девченкам с 8 ряда от реальных пацанов с 15 ряда”… не волуйтесь&#44; девчонки&#44; привет воздушным путем не передаётся', 'joke', 'ec0838f2', 'WC', '2007-08-11');

INSERT INTO `ComedyDB`.`Archive` (`rid`, `text`, `type`, `uid`, `mainAuthor`, `timestamp`) VALUES ('0', 'А к нам пришла записка “Передайте привет клевым девченкам с 8 ряда от реальных пацанов с 15 ряда”… А вот еще одна записка &#34;Передайте реальным пацанам с 15 ряда от клёвых девченок с 8 ряда - &#36;100 в час&#34;', 'joke', 'ec0838f2', 'WC', '2007-08-11');

INSERT INTO `ComedyDB`.`Archive` (`rid`, `text`, `type`, `uid`, `mainAuthor`, `timestamp`) VALUES ('0', '- Дорогой&#44; я тут себе блузку купила… Как ты думаешь&#44; она мне идет? <br>- сколько стоила? <br>- &#36;100; <br>- она тебе бежит&#44; дорогая&#44; и тебе лучше сейчас убежать ', 'joke', 'ec0838f2', 'WC', '2007-08-11');

INSERT INTO `ComedyDB`.`Archive` (`rid`, `text`, `type`, `uid`, `mainAuthor`, `timestamp`) VALUES ('0', '- Так уж получилось&#44; что лучше всего мы поем когда пьяные… <br>- Судя по томы как вы сегодня поете&#44; вы уже 2 недели в завязке.', 'joke', 'ec0838f2', 'WC', '2007-08-11');

INSERT INTO `ComedyDB`.`Archive` (`rid`, `text`, `type`, `uid`, `mainAuthor`, `timestamp`) VALUES ('0', 'В свое время&#44; Манхеттан был куплен голандцами у индейцев за 60 гульденов... <br>Индейцам ещё повезло - ереям они бы остались должны...', 'joke', 'ec0838f2', 'WC', '2007-08-11');

INSERT INTO `ComedyDB`.`Archive` (`rid`, `text`, `type`, `uid`, `mainAuthor`, `timestamp`) VALUES ('0', 'Мы добирались до Нью-Йорка на самолете компании Валнут-Криковские-Авиалинии... заодно три новые молитвы разучили... ', 'joke', 'ec0838f2', 'WC', '2007-08-11');

INSERT INTO `ComedyDB`.`Archive` (`rid`, `text`, `type`, `uid`, `mainAuthor`, `timestamp`) VALUES ('0', 'Очередной скандал в Валнут-Криковском Техническом Университете... Уволися надзератель... ', 'joke', 'ec0838f2', 'WC', '2007-08-11');

INSERT INTO `ComedyDB`.`Archive` (`rid`, `text`, `type`, `uid`, `mainAuthor`, `timestamp`) VALUES ('0', 'Интересный случай произошел с Львом Лещенко на концерте в Гарлеме... Теперь интерестный случай ждет от лещенко алиментов ', 'joke', 'ec0838f2', 'WC', '2007-08-11');

INSERT INTO `ComedyDB`.`Archive` (`rid`, `text`, `type`, `uid`, `mainAuthor`, `timestamp`) VALUES ('0', '- Пацаны как треугольники... Бывают правильные&#44; а бывают тупые... ', 'joke', 'ec0838f2', 'Pavel', '2007-08-14');

INSERT INTO `ComedyDB`.`Archive` (`rid`, `text`, `type`, `uid`, `mainAuthor`, `timestamp`) VALUES ('0', 'Москвичи в честь лидеров американских республиканской и демократической партии назвали свой рынок Гор Буш ка', 'joke', 'ec0838f2', 'Igor Petrunya', '2007-10-15');

INSERT INTO `ComedyDB`.`Archive` (`rid`, `text`, `type`, `uid`, `mainAuthor`, `timestamp`) VALUES ('0', '- Пажаром в Сан Бруно закончился день рождения Джордано Бруно...', 'joke', 'ec0838f2', 'Pavel', '2007-10-17');

INSERT INTO `ComedyDB`.`Archive` (`rid`, `text`, `type`, `uid`, `mainAuthor`, `timestamp`) VALUES ('0', '- Валины мысли - клаустрофобы. Они постоянно рвутся наружу.', 'joke', 'ec0838f2', 'Pavel', '2007-10-17');

INSERT INTO `ComedyDB`.`Archive` (`rid`, `text`, `type`, `uid`, `mainAuthor`, `timestamp`) VALUES ('0', '- Ребята&#44; вы постоянно надо мной издеваетесь. Вы меня не любите потому что я - черный!!!<br>- Нет&#44; Валя&#44; мы тебя не любим&#44; потому что ты - дальтоник!', 'joke', 'ec0838f2', 'Pavel', '2007-10-17');

INSERT INTO `ComedyDB`.`Archive` (`rid`, `text`, `type`, `uid`, `mainAuthor`, `timestamp`) VALUES ('0', '<br>близе едешь - больше выпьешь', 'joke', 'ec0838f2', 'Igor Petrunya', '2007-10-20');

INSERT INTO `ComedyDB`.`Archive` (`rid`, `text`, `type`, `uid`, `mainAuthor`, `timestamp`) VALUES ('0', '<br>Выходит Валя в Кепке. <br> - Да ладно сними<br>- Не сниму&#44; мне мама не разрешала<br>Снимает&#44; а там бантик на бритой голове', 'sketch', 'ec0838f2', 'Igor Petrunya', '2007-10-20');

INSERT INTO `ComedyDB`.`Archive` (`rid`, `text`, `type`, `uid`, `mainAuthor`, `timestamp`) VALUES ('0', '<br>АБС работает разносчиком пиццы&#44; гриппа и насморка.', 'joke', 'ec0838f2', 'Igor Petrunya', '2007-10-20');

INSERT INTO `ComedyDB`.`Archive` (`rid`, `text`, `type`, `uid`, `mainAuthor`, `timestamp`) VALUES ('0', 'В тюрьме прошел турнир по борьбе вольной... Победителей нет...', 'joke', 'ec0838f2', 'Pavel', '2007-10-25');

INSERT INTO `ComedyDB`.`Archive` (`rid`, `text`, `type`, `uid`, `mainAuthor`, `timestamp`) VALUES ('0', '- Полиция Валнутк Крика! Отдел по борьбе с наркотиками... против алкоголя...', 'joke', 'ec0838f2', 'Pavel', '2007-10-29');

INSERT INTO `ComedyDB`.`Archive` (`rid`, `text`, `type`, `uid`, `mainAuthor`, `timestamp`) VALUES ('0', '/Возле роддома/<br>- Лена! Кто????<br>- Сычев!!!<br>- Сколько???<br>- 2:0!!!', 'sketch', 'ec0838f2', 'Pavel', '2007-10-29');

INSERT INTO `ComedyDB`.`Archive` (`rid`, `text`, `type`, `uid`, `mainAuthor`, `timestamp`) VALUES ('0', '/парню на сцене делают татуировку на плече. когда процесс заканчивается&#44; парень спрашивает/<br>- Ух ты! Здорово! А сколько с меня?<br>/тот кто делал татуировку проводит специальным датчиком над татуировкой как над штрейх-кодом&#44; и тот пикает/<br>- С вас 50 долларов.', 'sketch', 'ec0838f2', 'Pavel', '2007-10-30');

INSERT INTO `ComedyDB`.`Archive` (`rid`, `text`, `type`, `uid`, `mainAuthor`, `timestamp`) VALUES ('0', '- Случай на скорой помоще:<br>/бегает доктор в белом халате/<br>- Доктор&#44; мы меня теряем! Доктор&#44; мы меня теряем! <br>/падает как будто приступ. далее пока лежит&#44; одной рукой берет шокер и сам себе дает разряд/<br>- 3&#44; 2&#44; 1&#44; Разряд! /передергивается/ 3&#44; 2&#44; 1&#44; разряд! <br>/оживает&#44; и садится. смотрит на шокер/<br>- О! Зарядка для телефона <br>/убегает... надо додумать/', 'sketch', 'ec0838f2', 'Pavel', '2007-10-30');

INSERT INTO `ComedyDB`.`Archive` (`rid`, `text`, `type`, `uid`, `mainAuthor`, `timestamp`) VALUES ('0', '- Вы арестованы! Вы имеете право хранить молчание&#44; все что вы скажете может быть использованно против вас...<br>- Пистолет!<br>/достает пистолет/<br>- Пистолет будет использован против вас!', 'sketch', 'ec0838f2', 'Pavel', '2007-10-30');

INSERT INTO `ComedyDB`.`Archive` (`rid`, `text`, `type`, `uid`, `mainAuthor`, `timestamp`) VALUES ('0', '<br>/в аптеке/<br>- Дайте мне пожалуйста 11 презервативов и макер...<br>- А вам зачем?<br>- На одном я напишу &#34;Аршавин&#34;&#44; на другом &#34;Сычёв&#34;&#44; на третьем &#34;Березуцкий&#34;... ', 'joke', 'ec0838f2', 'Pavel', '2007-11-17');

INSERT INTO `ComedyDB`.`Archive` (`rid`, `text`, `type`, `uid`, `mainAuthor`, `timestamp`) VALUES ('0', 'Леня наконец получил для Бабушки социальную помощь. и теперь Магазин &#34;Бабушка&#34; получает Медикал & Медикаре ', 'joke', 'ec0838f2', 'Igor Petrunya', '2007-11-22');

INSERT INTO `ComedyDB`.`Archive` (`rid`, `text`, `type`, `uid`, `mainAuthor`, `timestamp`) VALUES ('0', 'Идея для деда Мороза: <br>&#34;А цейчас дети мы вам стацуем и споем ...&#34; Снимают медленно шубы и начинают стриптиз денс с ихними посухами. ', 'sketch', 'ec0838f2', 'Igor Petrunya', '2007-11-22');

INSERT INTO `ComedyDB`.`Archive` (`rid`, `text`, `type`, `uid`, `mainAuthor`, `timestamp`) VALUES ('0', '<br>Венера Милосская не сможет выступить в соревнованиях по армреслингу...', 'joke', 'ec0838f2', 'Alex P', '2007-11-27');

INSERT INTO `ComedyDB`.`Archive` (`rid`, `text`, `type`, `uid`, `mainAuthor`, `timestamp`) VALUES ('0', '/перебирая почту/<br>- Так&#44; счета... реклама... кредитная карточка... долг &#36;300... ладно потом заплачу...<br>- Ты что! Забыл? Карточный долг&#44; дело чести!!!', 'joke', 'ec0838f2', 'Pavel', '2007-12-08');

INSERT INTO `ComedyDB`.`Archive` (`rid`, `text`, `type`, `uid`, `mainAuthor`, `timestamp`) VALUES ('0', '- Лучший подарок это книжка... чековая книжка Била Гейтца! :&#41;', 'joke', 'ec0838f2', 'Pavel', '2007-12-08');

INSERT INTO `ComedyDB`.`Archive` (`rid`, `text`, `type`, `uid`, `mainAuthor`, `timestamp`) VALUES ('0', '/парень с девушкой; очень серьезно/<br>- Скажи мне честно... Не отворачивайся... смотри в глаза... только честно...  я у тебя первый?<br>/немного колеблясь/<br>- Первый... сегодня первый...<br>- Отлично&#44; тогда Смирновку и две Балтики-3... :&#41;', 'sketch', 'ec0838f2', 'Pavel', '2007-12-08');

INSERT INTO `ComedyDB`.`Archive` (`rid`, `text`, `type`, `uid`, `mainAuthor`, `timestamp`) VALUES ('0', '- Знаете&#44; перед нашим выступлением мы хотели раздать всем програмки... но так и не решили на С++ или Джаве... ', 'joke', 'ec0838f2', 'Pavel', '2007-12-09');

INSERT INTO `ComedyDB`.`Archive` (`rid`, `text`, `type`, `uid`, `mainAuthor`, `timestamp`) VALUES ('0', 'Ребята а как бы нам придумать хороший номер?<br>&#40;тут выходит зануда&#44; типа вот я знаю и все&#41;<br>Как бы нам от него избавится?<br>- Пойдеш налево&#44; потом прямо&#44; потом опять налево&#44; потом направо&#44; потом вниз&#44; потом направо&#44; потом наискосок&#40;есть такое слово в русском языке&#41;потом огородами&#44; направо и там ждет тебя удача! Понял?<br>- Ну пацаны пол часа у нас есть давайте что нибудь придумаем!<br>', 'sketch', 'ec0838f2', 'lexa', '2007-12-13');

INSERT INTO `ComedyDB`.`Archive` (`rid`, `text`, `type`, `uid`, `mainAuthor`, `timestamp`) VALUES ('0', '- Леша&#44; печень побереги..<br>- Да ладно&#44; у Леши печень&#44; вратарь сборной России по футболу...<br>- Всмысле?<br>- Дырявая и все пропускает...', 'joke', 'ec0838f2', 'Pavel', '2007-12-16');

INSERT INTO `ComedyDB`.`Archive` (`rid`, `text`, `type`, `uid`, `mainAuthor`, `timestamp`) VALUES ('0', '- А чего это жюри не в первом ряду сидит?<br>- Понимаешь&#44; &#36;40 за билет это много&#44; а &#36;25 само то... &#40;я сейчас бухой&#44; но потом сформулируем...&#41;', 'joke', 'ec0838f2', 'Pavel', '2007-12-16');

INSERT INTO `ComedyDB`.`Archive` (`rid`, `text`, `type`, `uid`, `mainAuthor`, `timestamp`) VALUES ('0', '- Миниатюра &#34;Казус на Зимней Свадьбе&#34;...<br><i>/открывается первая половинка ширми&#44; там толпа считает/</i><br>- 4&#44; 5&#44; 6&#44; 7...<br><i>/открывается вторая половинка ширмы&#44; там стоит злая невеста и жених прилипший языком к столбу.../</i><br>', 'sketch', 'ec0838f2', 'Pavel', '2007-12-18');

INSERT INTO `ComedyDB`.`Archive` (`rid`, `text`, `type`, `uid`, `mainAuthor`, `timestamp`) VALUES ('0', '- Ребят&#44; у нас в команде завелась крыса!<br>- Отлично&#44; сейчас мы её опытным путем вычислим!<br><i>/достает из кармана дудочку и начинает по сцене идти спиной&#44; на звук дудочки двое как бы полузомбируются и двигаются за ним вытянув руки/</i><br>', 'sketch', 'ec0838f2', 'Pavel', '2007-12-20');

INSERT INTO `ComedyDB`.`Archive` (`rid`, `text`, `type`, `uid`, `mainAuthor`, `timestamp`) VALUES ('0', '- У меня на машине левое колесо - всравно что вратарь сборной России по футболу... <br>- Т.е. как?<br>- Все время пропускает... ', 'joke', 'ec0838f2', 'Pavel', '2007-12-20');

INSERT INTO `ComedyDB`.`Archive` (`rid`, `text`, `type`, `uid`, `mainAuthor`, `timestamp`) VALUES ('0', '<i><u>/В душе каждый программист немного Золушка/</u></i><br>- Ой! Добрая фея!<br>- Здавствуй&#44; Золушка...<br>- Фея&#44; я хочу поехать на бал... Но злой проджект менеджер заставил меня все программы на Джаве и Си++ проверить на ошибки... А я так хочу на бал...<br>- Хорошо... Золушка... Ты поедишь на бал...<br>- А как же программы?<br>- Ничего&#44; за тебя это сделают индийские программисты...<br>- А как я поеду?<br>- Этот Макинтош будет тебе шикарным лексусом... Его же мышка превратися в кучера...<br>- Но в чем же я поеду?<br>- Ты поедишь в старых джинсай&#44; рубашке и свитере...<br>- Но у меня совсем нет туфелек...<br>- Возьми мои сандали... и одень их прямо с носками...<br>- Спасибо&#44; добрая Фея....<br>- И помни&#44; Золушка&#44; ровно с двенадцатым ударом у тебя закончится виза &#34;Н-1&#34;...', 'sketch', 'ec0838f2', 'Pavel', '2007-12-20');

INSERT INTO `ComedyDB`.`Archive` (`rid`, `text`, `type`, `uid`, `mainAuthor`, `timestamp`) VALUES ('0', '- Урок Русского Языка во Львове...<br><i>/Препод одевается&#44; проверяет пистолет&#44; гранату... потом одевает бронежелет.../</i>', 'sketch', 'ec0838f2', 'Pavel', '2007-12-20');

INSERT INTO `ComedyDB`.`Archive` (`rid`, `text`, `type`, `uid`, `mainAuthor`, `timestamp`) VALUES ('0', '- Где-то за месяц до игры...<br><i>/На сцене двое&#44; один как бы Евгений Семенович&#44; второй просто участник команды/</i><br>- Евгений Семенович&#44; а что&#44; финал 26 Января состоится? Не... Я 26 не могу... У меня День Рождения... Может быть можно&#44; что-нибудь сделать?<br>- Ладно&#44; хорошо&#44; держи...<br><i>/ЕСК дает КВН-щику пасспорт&#44; тот его читает/</i><br>- Дата рождения - 1981 год&#44; 28 Января... <br>', 'sketch', 'ec0838f2', 'Pavel', '2007-12-20');

INSERT INTO `ComedyDB`.`Archive` (`rid`, `text`, `type`, `uid`, `mainAuthor`, `timestamp`) VALUES ('0', '- Миниатюра &#34;Классическое Пятиборье&#34;.<br><i>/Парень скачет на игрушечном коне на палочке&#44; за тем берет &#34;лошадку&#34; верх ногами за палку и начинает как будто гребсти веслом. После делает удар как в гольфе. После гольфа берет &#34;лошадку&#34; как ружье и стреляет. И в самом конце размахивается &#34;лошадкой&#34; как в метании молота и выкидывает &#34;лошадку&#34; за кулисы. Все действия проделываются очень быстро&#44; т.е. по 2-3 секунды на каждое/</i>', 'sketch', 'ec0838f2', 'Pavel', '2007-12-20');

INSERT INTO `ComedyDB`.`Archive` (`rid`, `text`, `type`, `uid`, `mainAuthor`, `timestamp`) VALUES ('0', '<i>/тренер отчитывает хоккеистов/</i><br>- Уроды... как так можно??? Вашингтонским Сусликам 6:0 проигрываем... <i>/обращаясь к игроку/</i> Ты что сделал?<br>- Ну так&#44; там это... булит...<br>- Булит??? <i>/бьет игрока по голове/</i> А голова у тебя не булит????  <i>/достает у другого из-за пазухи булытку виски/</i>А это что???<br>- Ну&#44; я думал&#44; площадку немного поскребсти... и после игры виски со льдом...<br>- Я тебе дам&#44; со льдом... <i>/переключается на вратаря/</i>Где этот... виртуоз ловушки&#44; рожа шайбу просит... Так&#44; что это??? <br><i>/У вратаря вместо вратарской&#44; маска зайчика/</i><br>- Маска... Просто у меня кто-то вратарскую маску украл&#44; вот я и выкрутился...<br>- Ты бы еще противогазную маску одел...<br>- А есть?<br>- Я тебе дам&#44; есть... Так&#44; какого... ты шесть голов пропустил???<br>- Ну так это... мы же в меньшинстве были...<br>- А такие как ты всегда в меньшинстве... Вы только на Кастро в большинстве... ', 'sketch', 'ec0838f2', 'Pavel', '2007-12-20');

INSERT INTO `ComedyDB`.`Archive` (`rid`, `text`, `type`, `uid`, `mainAuthor`, `timestamp`) VALUES ('0', '- С вами Тимур Бахметьев&#44; а значит в эфире &#34;Пока все дома&#34; и рубрика &#34;Очумелые ручки&#34;...<br><i>/перед ведущим пластиковая бутылка/</i><br>- И сегодня&#44; мы научим вас как из обычной пластиковой бутылки сделать телефон!<br><i>/в этот момент звонит телефон. Ведущий снимает верхушку бутылки&#44; и получается как бы телефон конца 19 века. Верхнюю часть бутылки он приставляет к уху&#44; а в нижнюю говорит/</i><br>- Алё? Я на работе. Не звони мне больше сюда...', 'sketch', 'ec0838f2', 'Pavel', '2007-12-20');

INSERT INTO `ComedyDB`.`Archive` (`rid`, `text`, `type`, `uid`, `mainAuthor`, `timestamp`) VALUES ('0', '- Как сборная России новый мяч покупает...<br><i>/подходит тренер к столику&#44; на столике 3 мяча. Он начинает мячи проверять... постучит по нему... сожмет.../</i><br>- Скажите&#44; а мячи свежие?<br>- Конечно свежие... вот попробуй...<br><i>/делает вырезку из мяча как из арбуза и на ноже дает тренеру/</i><br>- Хороший мяч&#44; бери...<br><i>/Ширма закрывается/</i>', 'sketch', 'ec0838f2', 'Pavel', '2007-12-20');

INSERT INTO `ComedyDB`.`Archive` (`rid`, `text`, `type`, `uid`, `mainAuthor`, `timestamp`) VALUES ('0', '<i>/стюардеса монотонно говорит и при этом жестикулирует как в реалии/</i><br>- Уважаемые пассажиры&#44; вас приветствует экипаж самолета... Запасные выходы находятся слева и справа... Туалеты расположены в разных концах салона... И я напоминаю&#44; что распитие спиртных напитков в салоне самолета зпрещенно... <i>/далее стюардесса резко переходит на очень пяную интонацию/</i> Не... ну кто в курсах&#44; тот заранее об этом побеспокоился... ик... Полетели... <br>', 'sketch', 'ec0838f2', 'Pavel', '2007-12-20');

INSERT INTO `ComedyDB`.`Archive` (`rid`, `text`, `type`, `uid`, `mainAuthor`, `timestamp`) VALUES ('0', '- А у нас серия очень коротких миниатюр!<br><i>/ширма открывается и закрывается на каждую миниатюру. Постоянно&#44; в одной и той же позе на стуле сидит Леша&#44; или кто еще&#44; вытянув вперед ноги&#44; закинув немного назад голову&#44; ширко раскрыв рот и глаза/</i><br>- Леша у стоматолога.<br><i>/звук бора/</i><br>- Леша первый раз на стриптизе.<br><i>/Сэм Браун &#34;Стоп&#34;/</i><br>- Леша на мужском стриптизе.<br><i>/&#34;Голубая Луна&#34;/</i><br>- Леша в кино.<br><i>/звук ТНХ/</i><br>- Леша на американских горках.<br><i>/звук горок и крик/</i><br>- Леша на электрическом стуле.<br><i>/звук разряда тока/</i><br>- И наконец&#44; обычный квновский зритель в первом ряду...<br><i>/отбивка/</i>', 'sketch', 'ec0838f2', 'Pavel', '2007-12-20');

INSERT INTO `ComedyDB`.`Archive` (`rid`, `text`, `type`, `uid`, `mainAuthor`, `timestamp`) VALUES ('0', '- Попытка Украины войти в Евросоюз &#40;или НАТО&#41;.<br><i>/трое подходят к ширме. звуки хрустящего снега... стучат... после стука резко раздается лай собаки./</i><br>- Кто там?<br>- Это Украина... А пустите нас в Евросоюз...<br>- <i>/осипшим голосом/</i> А ну идите отсюда... Ночь на дворе&#44; спят все...<br>- Ну пожалуста... а то тут холодно...<br>- <i>/осипшим голосом/</i> Ща как из ружья смальну... ходют тут всякие...<br>- Александр Григорьевич&#44; вы что ли?<br>- Ну я... сторожем на пол ставки...<br><i>/за дверью голос Путина/</i><br>- Саша&#44; что случилось?<br>- Ой&#44; Владимир Владимирович&#44; ломются всякие&#44; фулюханы...<br><i>/с этой стороны ширмы/</i><br>- Я тебе говорил&#44; Евросоюз в другой стороне?... А ты... <br><i>/отбивка/</i>', 'sketch', 'ec0838f2', 'Pavel', '2007-12-20');

INSERT INTO `ComedyDB`.`Archive` (`rid`, `text`, `type`, `uid`, `mainAuthor`, `timestamp`) VALUES ('0', '- А вот как Михаил Боярский медкомисию в Военкомате проходил.<br><i>/доктор на стуле&#44; вбегает парень с усах и шляпе/</i><br>- Э-гей! Черт возьми... <br>- Так&#44; голубчик&#44; давайте ка на вас посмотрим... Где служить хотите?<br>- Сударь&#44; я хочу служить в мушкетерах короля... <br>- Хорошо&#44; давайте послушаем... 42...<br>- 42...<br>- 33.<br>- 33.<br>- Все пройдет...<br>- Все пройдет...<br>- И печаль и радость...<br>- И печаль и радость...<br>- Годен...', 'sketch', 'ec0838f2', 'Pavel', '2007-12-20');

INSERT INTO `ComedyDB`.`Archive` (`rid`, `text`, `type`, `uid`, `mainAuthor`, `timestamp`) VALUES ('0', '<i>/выходит парень в накидке/</i><br>- Я - супермэн!!!<br><i>/выходит парень маске/</i><br>- Я - спайдермэн!!!<br><i>/выходит парень в маске летучей мыши/</i><br>- Я - бэтмэн!!!<br><i>/выходит парень в усах/</i><br>- Я - Евгений Каминский!!!<br>- <i>/супермэн/</i>Так&#44; я не понял... что за бред? Что вообще происходит? Что среди нас делает Бэтмэн???<br>- <i>/Бэтмэн/</i>Упс... Сорри... мой косяк... <i>/уходит/</i><br>- <i>/Каминский/</i>Ну что? Спасать мир?<br>- <i>/все/</i>Спасать мир!!! ', 'sketch', 'ec0838f2', 'Pavel', '2007-12-20');

INSERT INTO `ComedyDB`.`Archive` (`rid`, `text`, `type`, `uid`, `mainAuthor`, `timestamp`) VALUES ('0', '- Реальный случай в Сан Франциско<br><i>/трое парней стоят и как бы в даль смотрят/</i><br>- Смотри&#44; смотри... <i>/тыкают пальцем/</i> Парень с девушкой... Смотри целуются...<br>- Ага... эти... как их... гетеросексуалисты...<br>- Точно... гетеры вонючие...<br>- Тьфу... Смотреть противено... Извращенцы!... ', 'sketch', 'ec0838f2', 'Pavel', '2007-12-20');

INSERT INTO `ComedyDB`.`Archive` (`rid`, `text`, `type`, `uid`, `mainAuthor`, `timestamp`) VALUES ('0', '<u>В ресторане</u><br>- А можно мне котлету?<br>- Ваш заказ... Вот ваша котлета...<br><i>/Офицант грациозно дает тарелку/</i><br>- А можно мне котлету по киевски?<br><i>/Офицант раздраженно забирает тарелку и неменее раздраженно ее возвращает.../</i><br>- Ось це ваша котлэта...', 'sketch', 'ec0838f2', 'Pavel', '2007-12-20');

INSERT INTO `ComedyDB`.`Archive` (`rid`, `text`, `type`, `uid`, `mainAuthor`, `timestamp`) VALUES ('0', '<u>Миниатюра про книгоманов и библиофилов. Просечка книги=наркотики</u><br><i>/Один немного шифруясь. К нему подходит другой.../</i><br>- Слушай&#44; есть книжки? <br>- Че ты орешь? Ну есть... <br>- Ух ты...<br>- А ты как&#44; в перый раз...<br>- Да я с друзьями Пушкина читал... <br>- Хорошо&#44; тогда вот тебе Гоголь...<br>- А точно вставит?<br>- Точно... на неделю хватит... и главное ни какого привыкания...<br>- А у вас что-нибудь Бальзака?<br>- Иностранное? Не... но на днях курьера из Средней Азии ждем... обещали Омар Хаяма подвезди...<br>- А из серьезного есть что-нибудь?<br>- Ну... разве что Конституция...<br>- А что это?<br>- Специальная разработка правительства... вставляет сразу... мозги просты вышибает напроч...<br>- А может там Достоевский или Чернышевский?<br>- Ты что? Я с таким вообще не связываюсь... попробуешь раз и на месяц подсядишь... Ты бы еще &#34;Войну и Мир&#34; спросил...<br>- А что у вас из самого легкого есть?.. Так сказать на утро...<br>- Возьмите &#34;Агнию Барто&#34;. У меня даже дети ее берут... <br><br>[Если отыгрывать быстро и правильно&#44; то может зайти... так же наверно&#44; можно разбить на несколько персонажей которые приходят к правцу кинг &#34;за новой дозой&#34;]', 'sketch', 'ec0838f2', 'Pavel', '2007-12-20');

INSERT INTO `ComedyDB`.`Archive` (`rid`, `text`, `type`, `uid`, `mainAuthor`, `timestamp`) VALUES ('0', 'меня заинтересовала идея про катание на горных лыжах.  шутки в тему - пишу все подряд&#44; что в голову пришло: <br>1&#41; один в лыжной форме идет на прямых ногах&#44; как зомби и орет а-а-а-а-а!<br>- что с вами!<br>- Ботинки жмут!<br>- так одень другую пару.<br>- Одел&#44; теперь обе пары жмут. а-а-а-а!<br>2&#41; часть народу на сцене.  В задней части зала появляется пара человек в полной лыжной экипировке&#44; с лыжами&#44; палками&#44; осматриваются&#44; начинают орать: &#34;ЧЕЕЕРТТ!!! ЕКАРНЫЙ БАБАААЙ! ДА ЧТО ЖЕ ЭТО ТАКОЕ!!!!&#34;  <br>&#40;со сцены&#41;: - Что у вас там опять??<br>- &#40;показывая на людей в зале&#41; ДА ТУТ ОПЯТЬ ТОЛПА НАРОДУ У ПОДЪЕМНИКА!!!<br>- Идите сюда&#44; мы вам тут занимали!<br>&#40;задние пробираются вперед по проходу&#41;<br>&#40;из прохода поднимается еще один в лыжном прикиде&#41;- Э&#44; вы куда без очереди??  Я тут c 7 часов жду!!  Тут вообще что-то будет или нет?<br>-	Я только спросить!<br>&#40;проходной разочарованно садится.  Задние добираются до края сцены  - можно по ходу еще что-то придумать&#44; скажем&#44; билеты показать жюри. &#40;у края сцены неплохо какой-то подъемник сообразить&#44; скажем&#44; двое разворачивают и забрасывают людей наверх.&#41; Проходной опять кричит: - ну ты уже спросил там????<br>- щас спрошу! &#40;подъемник поднимает задних наверх&#41;<br>- Это верх?<br>- Да<br>- &#40;кричит в зал&#41; Все&#44; я спросил!<br><br>3&#41; &#40;Снежная Лавина&#41;: люди бегут через сцену&#44; за ними «лавина» &#40;белое полотно&#44; под которым идут люди и несут его&#44; и двигают под ним руками&#44; &#41;.  Лавина догоняет и засыпает &#40;люди падают и полотно закрывает их&#41; одного за другим&#44; доходит вплотную к Каминскому&#44; остнавливается&#44; и вежливо отодвигается.  Выбегает Супермен и встает в свою стойку: - Я спасу вас!<br>Достает из кармана фен&#44; спокойно его включает и начинаеть дуть на лавину&#44; периодически смотрит на часы&#44; позевывает&#44; в общем никуда не торопится.  Лавина тем временем начинает «таять» - т.е. люди под ней опускают полотно&#44; и из под него в разрезы появляются «засыпанные» люди.   В идеале те&#44; кто нес лавину&#44; успеют вылезти из нее за ширму&#44; так что останутся только бывшие «засыпанные» и белое полотно на полу.<br><br>4&#41; Несколько человек на краю сцены смотрят вниз: <br>- Страшно то как....<br>- че-то горка больно крутая &#40;смотрит на отвесный край сцены&#41;<br>- А знаешь&#44; единственное&#44; что мне сейчас хочется&#44; так это просто оказаться вон там&#44; внизу&#44; среди вот этих людей &#40;показывая на жюри&#41;<br>- Среди них?  Да нам еще до их уровня скатиться надо...<br>- ладно&#44; я поехал! &#40;спрыгивает&#41;  &#40;звучит ААААА! грохот&#44; крики&#44; удары обо что-то&#44; стоны.  тишина&#41;<br>- Ну как???<br>- нормально!  Даже не упал!  Теперь ты!  Только осторожно&#44; там деревья!  Давай&#44; вперед и с песней!<br>&#40;второй прыгает&#41; – ААААА &#40;звук удара&#44; строчка фонограммы «Старый клен&#44; старый клен». и... АААААА БУМ! «в лесу родилась елочка» и... ААААААА БУМ! «Я спросил у ясеня» и...АААА БУМ! БУМ! БУ-БУМ! БУ-БУМ! БУМ! «беловежская пуща&#44; беловежская пуща»<br><br>А еще было бы классно покрыть всю сцену белой материей :&#41;  Можно например&#44; кого-то убить&#44; а труп под «снег» спрятать', 'idea', 'ec0838f2', 'Hlystov', '2007-12-21');

INSERT INTO `ComedyDB`.`Archive` (`rid`, `text`, `type`, `uid`, `mainAuthor`, `timestamp`) VALUES ('0', 'Вообще то это реально сделать Домашку на 3 номера... например если взять тот самый лэй-аут с глобальным потеплением и дедом морозом в Великом Устюге сидящем в шезлонге в трусах... мы изначально не могли из этого сделать цельную домашку... а если туда вставить 3 номера и привязать их к исполнению желаний&#44; то может получиться... <br><br>Схема проста... 2-3 желания Дед Мороз зачитывает просто и глумится над ними &#40;типа&#44; Вова Путин просит Дедушку остаться на 3 срок... Дедушка готов остаться на третий срок&#41;... Следующее желание показывается... Например&#44; Украина хочет войти в НАТО... и далее номер про то как Украина это осуществляет &#40;в архиве лежит&#41;... Затем опять 2-3 желания Дед глумится и следующее исполняет &#40;тут хорошо ляжет музыкальный номер&#41;&#44; и так до конца... <br><br>По идее&#44; можно уложиться в 7.5 минут &#40;+ минута на реакцию зала + 30 секунд в запасе&#41;... <br><br>Единственное но... все 3 номера дольжны быть идеальными... и прописанные желания должны быть убойными... и в конце должен быть твист на глобальное потепление... ', 'idea', 'ec0838f2', 'Pavel', '2007-12-22');

INSERT INTO `ComedyDB`.`Archive` (`rid`, `text`, `type`, `uid`, `mainAuthor`, `timestamp`) VALUES ('0', 'В соревнованиях по метанию ядра победила инфузория туфелька метнувшая ядро в соседнее одноклеточное.', 'joke', 'ec0838f2', 'Igor Petrunya', '2007-12-22');

INSERT INTO `ComedyDB`.`Archive` (`rid`, `text`, `type`, `uid`, `mainAuthor`, `timestamp`) VALUES ('0', '<br>В городском чемпионате по игро &#34;Го&#34; победили местные &#34;Го&#34; ... пники.', 'joke', 'ec0838f2', 'Igor Petrunya', '2007-12-22');

INSERT INTO `ComedyDB`.`Archive` (`rid`, `text`, `type`, `uid`, `mainAuthor`, `timestamp`) VALUES ('0', '/этакий БРИЗ/<br><br>Леша купил себе машину Тойоту Ярис &#40;машина типа Оки&#44; ну и глумешь над ней типа над Окой&#41;…<br><br>1.	Лешин Ярис нагадил Леше в тапки.<br>2.	Лешин Ярис на песке закапывает за собой как кошка…<br>3.	Леша хотел купить брелок&#44; а по ошибке купил Ярис… <br>4. 	Леша хотел купить Кэмри&#44; но пока ему дали пробник…<br>5.	Во всех машинах подушка безопасности…  а у Леши в Ярисе тупо наволочка…<br>6.	Лешин Ярис настолько маленький&#44; что может поперек парковаться…<br>7.	Леша поставил на Ярис Фаст-Трак и все лобовое стекло закрыл…<br>8.	Лешин Ярис заправляется пипеткой…<br>9.	Вчера Леша сделал Ярису прививку от чумки…<br>10.	У Леши в Ярисе бардочек и багажник это одно и тоже…<br>11.	Если Ярис на Тахо перевернуть&#44; то можно как санки использовать…<br>12.	Леша в Сэйфвее может свой Ярис вместо шопинг карт использовать…<br>13.	Лешин Ярис настолько маленький&#44; что провалился в канализационный люк…<br>14.	Лешин Ярис даже имеет свой знак в таблице Менделеева…<br>15.	На Лешином Ярисе вместо GPS стоит компас…<br>16.	Лешин Ярис не смог переехать лежачего полицейского…<br>17.	Лешин Ярис вместо аккумулятора пользуется батарейкой от Нокии-3310…<br>19.	Леше Ярис прислали по почте&#44; тупо наклеив марку за 41 цента…<br>20.	У Лешиного Яриса тоже бывают месячные… она 5 дней в месяц не ездит…<br>21.	Если Лешин Ярис присоеденить к мотоциклу&#44; то получится мотоцикл с коляской…<br>22.	В Росе купил куртку а она еще и ездит…<br>23.	Когда Леша в ване купается он вместо уточки используется Ярисом…<br>24.	Что бы в Ярисе повернуть руль надо немного приоткрыть дверь…<br>25.	В Лешином Ярисе рулевое колесо является так же запасным…<br>26.	Что бы машину оттовать все пользуются эвакуатором&#44; а Лешин Ярис совок и веник…<br>27.	У Леши на Ярисе вместо спидометра транспортир…<br>28.	Леша купил себе Кампри… Постирал&#44; а он потом сел…<br>29.	До трех месяцев Леша кормил свой Ярис с соской…  <br>30.	После заправки Лешин Ярес должен еще и отрыгнут…<br>31.	До 12 лет Лешин Ярис без бэби-ситера нельзя оставлять дома однго…<br>32.	По правилам дорожного движения Лешин Ярис нужно через дорогу за ручку переводить…<br>33.	У Леши на Ярисе вместо дворников зубные счетки… <br>34.	Лешин Ярис заспутался в паутине и испугался…<br>35.	Лешин Ярис занесен в красную книгу…<br>36.	По выходным Лешин Ярис подрабатывает био-туалетом…<br>37.	Леша в Макдональдсе купил себе Хэппи-мил в подарок получил Ярис…<br>38.	Когда из Лешиного Яриса капает масло&#44; его надо потыкать туда носом… кто ето сделал? Кто ето сделал?<br>39. 	На дилершипе слишком много Ярисов оказалось… что могли раздали&#44; а то что не взяли утопили в ведре...  <br>40.	Через пол года Лешин Ярис уже держит головку и ползает…<br>41.		Лешин Ярис не прошел смок-чек... Так ты еще и куришь????<br>', 'sketch', 'ec0838f2', 'WC', '2007-12-22');

INSERT INTO `ComedyDB`.`Archive` (`rid`, `text`, `type`, `uid`, `mainAuthor`, `timestamp`) VALUES ('0', '- Сборная России вышла!!!<br>- В финал???<br>- Нет&#44; из клозета...', 'joke', 'ec0838f2', 'Pavel', '2007-12-22');

INSERT INTO `ComedyDB`.`Archive` (`rid`, `text`, `type`, `uid`, `mainAuthor`, `timestamp`) VALUES ('0', '- У меня матрешки дома... Хрущев&#44; Брежнев&#44; потом Горбачев&#44; за ним Ельцин&#44; за ним Путин...<br>- А какой следующий?<br>- А следующего не будет...', 'joke', 'ec0838f2', 'Pavel', '2007-12-22');

INSERT INTO `ComedyDB`.`Archive` (`rid`, `text`, `type`, `uid`, `mainAuthor`, `timestamp`) VALUES ('0', 'Реалити Шоу &#34;Green Card&#34; или &#34;SSI&#34; когда после очередного задания каждую неделю по одному человеку скидывают с SSI.', 'idea', 'ec0838f2', 'Pavel', '2007-12-22');

INSERT INTO `ComedyDB`.`Archive` (`rid`, `text`, `type`, `uid`, `mainAuthor`, `timestamp`) VALUES ('0', '<i>/На девушку нападает парень&#44; она достает балончик и пшикает парню в лицо. Парень убегает хватаясь за глаза. выходит второй парень видит балончик&#44; берет его./</i><br>- Блин&#44; а я его с утра ищу...<br><i>/пшикает себе под мышки/</i>', 'sketch', 'ec0838f2', 'Pavel', '2007-12-22');

INSERT INTO `ComedyDB`.`Archive` (`rid`, `text`, `type`, `uid`, `mainAuthor`, `timestamp`) VALUES ('0', '<i>/Парень с лопатой проходит/</i><br>- Ты куда?<br>- На кладбище...<br>- Зачем?<br>- <i>шухерно</i>Схоронится мен надо...', 'sketch', 'ec0838f2', 'Pavel', '2007-12-22');

INSERT INTO `ComedyDB`.`Archive` (`rid`, `text`, `type`, `uid`, `mainAuthor`, `timestamp`) VALUES ('0', '<i>/Выбегает Гитлер и начинает петь &#34;Белые Розы&#34;/</i><br>- Ну что... я думаю что за принятие гимна Третьего Рейха единогласно...', 'sketch', 'ec0838f2', 'Pavel', '2007-12-22');

INSERT INTO `ComedyDB`.`Archive` (`rid`, `text`, `type`, `uid`, `mainAuthor`, `timestamp`) VALUES ('0', '<i>/Семья вышибал... /</i><br>- Куда?<br>- На кухню...<br>- на кухню дресс код.<br>- я по флаеру...<br>- Проходи...', 'sketch', 'ec0838f2', 'Pavel', '2007-12-22');

INSERT INTO `ComedyDB`.`Archive` (`rid`, `text`, `type`, `uid`, `mainAuthor`, `timestamp`) VALUES ('0', '<i>/возле двери переговорщик/</i><br>- Парень&#44; не дури... Зачем тебе ето нужно... Открой дверь поговорим <i>/жестами что-то показывает SWATу/</i> Парень&#44; я понимаю тебе нужна помощь... <br><i>/раздается звук смывания унитаза&#44; дверь открывается&#44; выходит парень. Переговорщик срывается в дверь/</i><br>- Блин&#44; ну наконец то... ', 'sketch', 'ec0838f2', 'Pavel', '2007-12-22');

INSERT INTO `ComedyDB`.`Archive` (`rid`, `text`, `type`, `uid`, `mainAuthor`, `timestamp`) VALUES ('0', '<i>/Проводит товары в магазине через сканер со звуками &#34;бип&#34;.../</i><br>- Бип&#44; бип&#44; бип&#44; бип...<br>- Парень&#44; что стоишь&#44; беги от сюда&#44; сечас рванет.... бип&#44; бип...', 'sketch', 'ec0838f2', 'Pavel', '2007-12-22');

INSERT INTO `ComedyDB`.`Archive` (`rid`, `text`, `type`, `uid`, `mainAuthor`, `timestamp`) VALUES ('0', '- Павлик Морозов не сдал Папу... пересдача назначена на февраль...', 'joke', 'ec0838f2', 'Pavel', '2007-12-22');

INSERT INTO `ComedyDB`.`Archive` (`rid`, `text`, `type`, `uid`, `mainAuthor`, `timestamp`) VALUES ('0', 'новое религиозноые движение: <br>Семидесятникам полулитровики и 0.75пятники.', 'joke', 'ec0838f2', 'Igor Petrunya', '2007-12-22');

INSERT INTO `ComedyDB`.`Archive` (`rid`, `text`, `type`, `uid`, `mainAuthor`, `timestamp`) VALUES ('0', 'сказка&#34;аленький цветочек&#34;<br>Обыграть это так ка будто не дочери заказывают отцу что привезти им&#44; а отец говорит им что он им привезет&#44; а дочки возмущаются!', 'idea', 'ec0838f2', 'lexa', '2007-12-27');

INSERT INTO `ComedyDB`.`Archive` (`rid`, `text`, `type`, `uid`, `mainAuthor`, `timestamp`) VALUES ('0', '- Ребята&#44; я вчера случайно на столе не танцевал? <br>- А что? - Да я в трусах 20-ку нашел... ', 'joke', 'ec0838f2', 'WC', '2007-12-27');

INSERT INTO `ComedyDB`.`Archive` (`rid`, `text`, `type`, `uid`, `mainAuthor`, `timestamp`) VALUES ('0', '- Многие голливудские звезды скупают дома в Валнут Крике... Потому что хорошо иметь домик в деревне! ', 'joke', 'ec0838f2', 'WC', '2007-12-27');

INSERT INTO `ComedyDB`.`Archive` (`rid`, `text`, `type`, `uid`, `mainAuthor`, `timestamp`) VALUES ('0', '- А вчера наш Жека застрял в лифте... Мат стоял трехэтажный&#44; но Жеке нужно было на четвертый... ', 'joke', 'ec0838f2', 'WC', '2007-12-27');

INSERT INTO `ComedyDB`.`Archive` (`rid`, `text`, `type`, `uid`, `mainAuthor`, `timestamp`) VALUES ('0', '- Скажите&#44; а как во Франции называется французкая булка? <br>- Длинный&#44; твердый ... плюшка...', 'joke', 'ec0838f2', 'WC', '2007-12-27');

INSERT INTO `ComedyDB`.`Archive` (`rid`, `text`, `type`, `uid`, `mainAuthor`, `timestamp`) VALUES ('0', '- Валнут Крике найден мальчик воспитаный светофорами... Когда мальчик в нерабочем состоянии его надо отрабатывать как стоп-знак...', 'joke', 'ec0838f2', 'WC', '2007-12-27');

INSERT INTO `ComedyDB`.`Archive` (`rid`, `text`, `type`, `uid`, `mainAuthor`, `timestamp`) VALUES ('0', '- Валя&#44; зачем ты на рыбалку утюг взял? <br>- Я всю свою одежду выглажу; рыба подплывёт посмотреть какой я красивый; и тут я её хрясь по башке утюгом! ', 'joke', 'ec0838f2', 'WC', '2007-12-27');

INSERT INTO `ComedyDB`.`Archive` (`rid`, `text`, `type`, `uid`, `mainAuthor`, `timestamp`) VALUES ('0', '- Леша&#44; иди и накопай банку червей... <br>- Копал уже...Нет там никакой банки! Черви есть&#44; а банки нет! ', 'joke', 'ec0838f2', 'WC', '2007-12-27');

INSERT INTO `ComedyDB`.`Archive` (`rid`, `text`, `type`, `uid`, `mainAuthor`, `timestamp`) VALUES ('0', '- В картах введена новая карта... 7 - червей&#44; дама червей&#44; туз червей&#44; и самая крутая карта&#44; банка червей!!! Банкой червей можно побить всё&#44; даже соперника! ', 'joke', 'ec0838f2', 'WC', '2007-12-27');

INSERT INTO `ComedyDB`.`Archive` (`rid`, `text`, `type`, `uid`, `mainAuthor`, `timestamp`) VALUES ('0', '- На первых олимпийских играх все атлеты выступали голыми... Теперь понятно почему у мужчин тогда не было бега с барьерами... ', 'joke', 'ec0838f2', 'WC', '2007-12-27');

INSERT INTO `ComedyDB`.`Archive` (`rid`, `text`, `type`, `uid`, `mainAuthor`, `timestamp`) VALUES ('0', '- Нас часто спрашивают&#44; почему у нас так мало девушек в команде... <br>- Не все выжили!', 'joke', 'ec0838f2', 'WC', '2007-12-27');

INSERT INTO `ComedyDB`.`Archive` (`rid`, `text`, `type`, `uid`, `mainAuthor`, `timestamp`) VALUES ('0', '- Свинка делает &#34;Хрю-Хрю&#34;&#44; собачка делает &#34;Гав-гав&#34;&#44; кошечка делает &#34;Мяу-мяу&#34;... А хохол &#34;Шо-шо&#34;... ', 'joke', 'ec0838f2', 'WC', '2007-12-27');

INSERT INTO `ComedyDB`.`Archive` (`rid`, `text`, `type`, `uid`, `mainAuthor`, `timestamp`) VALUES ('0', '-  Я с девушкой познакомился&#44; а она страшненькая... <br>- Вот тебе &#36;20... <br>- Ей на макияж? <br>- Нет&#44; тебе на водку!', 'joke', 'ec0838f2', 'WC', '2007-12-27');

INSERT INTO `ComedyDB`.`Archive` (`rid`, `text`, `type`, `uid`, `mainAuthor`, `timestamp`) VALUES ('0', '- Поговаривают&#44; что Каминский носит бабочки только от кутюр... <br>- Не каждой гусинице сужденно стать бабочкой президента...', 'joke', 'ec0838f2', 'WC', '2007-12-27');

INSERT INTO `ComedyDB`.`Archive` (`rid`, `text`, `type`, `uid`, `mainAuthor`, `timestamp`) VALUES ('0', '- <i>/Устинова/</i> Ой&#44; ребята&#44; я в реквезите чьё-то IQ нашла! <br>- <i>/Парень/</i> Ну оставь себе...<br>- <i>/Устинова/</i> А мне-то зачем?', 'joke', 'ec0838f2', 'WC', '2007-12-27');

INSERT INTO `ComedyDB`.`Archive` (`rid`, `text`, `type`, `uid`, `mainAuthor`, `timestamp`) VALUES ('0', '- Мне вчера повестка в джюри-дьюти пришла... <br>- А ты? <br>- А чего я? Поцелуйте меня в &#34;Ж&#34;&#44; я здесь не на ПМЖ...', 'joke', 'ec0838f2', 'WC', '2007-12-27');

INSERT INTO `ComedyDB`.`Archive` (`rid`, `text`, `type`, `uid`, `mainAuthor`, `timestamp`) VALUES ('0', '- Яблоки полезны&#44; потому что в них много железа... и в утюге много железа... По этому Николай Валуев в детстве ел утюг... ', 'joke', 'ec0838f2', 'WC', '2007-12-27');

INSERT INTO `ComedyDB`.`Archive` (`rid`, `text`, `type`, `uid`, `mainAuthor`, `timestamp`) VALUES ('0', '- А что такое Южный Темперамент?.. <br>- Это одна из маленьких помех на пути к нашему чемпионству!', 'joke', 'ec0838f2', 'WC', '2007-12-27');

INSERT INTO `ComedyDB`.`Archive` (`rid`, `text`, `type`, `uid`, `mainAuthor`, `timestamp`) VALUES ('0', '- Ребят&#44; а девушка из шестого ряда мне подмигивает... <br>- Паша&#44; она из 7-го ряда&#44; просто у ней глаза выпученны... ', 'joke', 'ec0838f2', 'WC', '2007-12-27');

INSERT INTO `ComedyDB`.`Archive` (`rid`, `text`, `type`, `uid`, `mainAuthor`, `timestamp`) VALUES ('0', '- Алё&#44; а можно мне пицу пеперони&#44; ссыром посыпьте&#44; грибы там&#44; помидорки&#44; бекончик... И если все это не будет готово через 20 минут&#44; заложник умрет!', 'joke', 'ec0838f2', 'WC', '2007-12-27');

INSERT INTO `ComedyDB`.`Archive` (`rid`, `text`, `type`, `uid`, `mainAuthor`, `timestamp`) VALUES ('0', '- В Валнут Крике открылся первый Гей Клуб... <br><i>/стоит толпа&#44; и перерезают красную ленточку... потом синюю&#44; потом зеленую&#44; потом желтую и далее весь флаг/</i>', 'sketch', 'ec0838f2', 'WC', '2007-12-27');

INSERT INTO `ComedyDB`.`Archive` (`rid`, `text`, `type`, `uid`, `mainAuthor`, `timestamp`) VALUES ('0', '- Ребят&#44; Антоха из армии дембельнулся! 2 Года морпехом оттоптал... <br>- Из них 1 год он топтал и год его топтали... ', 'joke', 'ec0838f2', 'WC', '2007-12-27');

INSERT INTO `ComedyDB`.`Archive` (`rid`, `text`, `type`, `uid`, `mainAuthor`, `timestamp`) VALUES ('0', '- Киргизкое машиностроение находится в плачебном состоянии... Лошади отказываются рожать!', 'joke', 'ec0838f2', 'WC', '2007-12-27');

INSERT INTO `ComedyDB`.`Archive` (`rid`, `text`, `type`, `uid`, `mainAuthor`, `timestamp`) VALUES ('0', '- Русские ученые удачно клонировали бутылку водки... Но всё равно пришлось бежать за третей...', 'joke', 'ec0838f2', 'WC', '2007-12-27');

INSERT INTO `ComedyDB`.`Archive` (`rid`, `text`, `type`, `uid`, `mainAuthor`, `timestamp`) VALUES ('0', '- Русские ученые удачно клонировали бутылку водки... Клон прожил только до пятого тоста...', 'joke', 'ec0838f2', 'WC', '2007-12-27');

INSERT INTO `ComedyDB`.`Archive` (`rid`, `text`, `type`, `uid`, `mainAuthor`, `timestamp`) VALUES ('0', '- Российские ученые удачно клонировали бутылку водки... Сколько водку не клонируй - все равно два раза клонировать... ', 'joke', 'ec0838f2', 'WC', '2007-12-27');

INSERT INTO `ComedyDB`.`Archive` (`rid`, `text`, `type`, `uid`, `mainAuthor`, `timestamp`) VALUES ('0', '- А у нас свежая новость из Ист Пало Алто &#40;или Вест-Окленда&#41;... Ну как свежая... недельная... Ну как новость... Труп...', 'joke', 'ec0838f2', 'WC', '2007-12-27');

INSERT INTO `ComedyDB`.`Archive` (`rid`, `text`, `type`, `uid`, `mainAuthor`, `timestamp`) VALUES ('0', '- На борту Сашеного мерседесса нацарапано непреличное слово... <br>- Неужели его фамилия? ', 'joke', 'ec0838f2', 'WC', '2007-12-27');

INSERT INTO `ComedyDB`.`Archive` (`rid`, `text`, `type`, `uid`, `mainAuthor`, `timestamp`) VALUES ('0', '- Леха&#44; тут такое дело... вообщем&#44; выходи за меня замуж... Тьфу&#44; то есть я хотел сказать курить есть? ', 'joke', 'ec0838f2', 'WC', '2007-12-27');

INSERT INTO `ComedyDB`.`Archive` (`rid`, `text`, `type`, `uid`, `mainAuthor`, `timestamp`) VALUES ('0', '- Вчера на Оклендский пляж выбросился кит и тут же огреб по полной&#44; потому что не местный...', 'joke', 'ec0838f2', 'WC', '2007-12-27');

INSERT INTO `ComedyDB`.`Archive` (`rid`, `text`, `type`, `uid`, `mainAuthor`, `timestamp`) VALUES ('0', '- А что скандируют футбольные болельщики из Сан-Франциско?.. <br>- Судья - натурал! Судья - натурал!...', 'joke', 'ec0838f2', 'WC', '2007-12-27');

INSERT INTO `ComedyDB`.`Archive` (`rid`, `text`, `type`, `uid`, `mainAuthor`, `timestamp`) VALUES ('0', '- Король Тайланда встретился с Владимиром Путиным... Извените&#44; здесь опечатка - Король Путин встретился с Владимиром из Тайланда.. ', 'joke', 'ec0838f2', 'WC', '2007-12-27');

INSERT INTO `ComedyDB`.`Archive` (`rid`, `text`, `type`, `uid`, `mainAuthor`, `timestamp`) VALUES ('0', '- Колумбия заявила что намерена доставить своего космонавта на луну... Сейчас они ищут курьера&#44; который в состоянии проглотить космонавта. ', 'joke', 'ec0838f2', 'WC', '2007-12-27');

INSERT INTO `ComedyDB`.`Archive` (`rid`, `text`, `type`, `uid`, `mainAuthor`, `timestamp`) VALUES ('0', '- Уезжаю&#44; дочери мои. Что привезти вам из Мексики? <br>- Привези&#44; батюшка&#44; мексиканцев крышу поченить...<br>- Хорошо&#44; а тебе&#44; средненькая?<br>- Привези&#44; батюшка&#44; &#40;что-нибудь еще в этом духе&#41;...<br>- Хорошо. А тебе&#44; младшенькая?<br>- А мне&#44; батюшка&#44; привези Текиллу. <br>- Может быть цветочек алинькой?<br>- Цветочек то оно хорошо&#44; но к этому чудовищу без бутылки никак...', 'sketch', 'ec0838f2', 'WC', '2007-12-27');

INSERT INTO `ComedyDB`.`Archive` (`rid`, `text`, `type`, `uid`, `mainAuthor`, `timestamp`) VALUES ('0', '- Джордж Буш открыл свой блог на &#34;май-спэйсе&#34;... А мог бы и войска туда ввести...', 'joke', 'ec0838f2', 'WC', '2007-12-27');

INSERT INTO `ComedyDB`.`Archive` (`rid`, `text`, `type`, `uid`, `mainAuthor`, `timestamp`) VALUES ('0', '- 2008 год по китайскому каллендарю будет годом Земной Крысы!.. <br>- Слышь&#44; Леш&#44; следующий год - год твоей девушки!', 'joke', 'ec0838f2', 'WC', '2007-12-27');

INSERT INTO `ComedyDB`.`Archive` (`rid`, `text`, `type`, `uid`, `mainAuthor`, `timestamp`) VALUES ('0', '- Ребята&#44; в нашей команде прибавление! Жека еще на 10 кг поправился! ', 'joke', 'ec0838f2', 'WC', '2007-12-27');

INSERT INTO `ComedyDB`.`Archive` (`rid`, `text`, `type`, `uid`, `mainAuthor`, `timestamp`) VALUES ('0', '- Суд Санта Клары только что разрешил однополые браки!<br><i>/Леша начинает бурно радоваться&#44; радость переходит в танец на 3-4 движения&#44; потом он немного успокаевается/</i><br>- Пока&#44; лузеры!', 'sketch', 'ec0838f2', 'WC', '2007-12-27');

INSERT INTO `ComedyDB`.`Archive` (`rid`, `text`, `type`, `uid`, `mainAuthor`, `timestamp`) VALUES ('0', '- Ребята&#44; там за кулисами Стиляги халявным коньяком угощают... <br><i>/Двое срываются и убегают за кулисы... Потом еще трое убегают... Потом человек 20 из зала тоже встают со своих мест и бегут на сцену за кулису/</i>', 'sketch', 'ec0838f2', 'WC', '2007-12-27');

INSERT INTO `ComedyDB`.`Archive` (`rid`, `text`, `type`, `uid`, `mainAuthor`, `timestamp`) VALUES ('0', '- Балетная труппа из Окленда отправилась в гастрольный тур по стране... Ну как в тур... по этапу...', 'joke', 'ec0838f2', 'WC', '2007-12-27');

INSERT INTO `ComedyDB`.`Archive` (`rid`, `text`, `type`, `uid`, `mainAuthor`, `timestamp`) VALUES ('0', '- В Питере появилась новая порода интеллигентных тараканов... После того&#44; как их раздавят тапком&#44; они ещё пол часа трагически стонут и пафосно умерают!', 'joke', 'ec0838f2', 'WC', '2007-12-27');

INSERT INTO `ComedyDB`.`Archive` (`rid`, `text`, `type`, `uid`, `mainAuthor`, `timestamp`) VALUES ('0', '- А помните как в Союзе водку выпускали? Водку выпускали&#44; а евреев не выпускали...', 'joke', 'ec0838f2', 'WC', '2007-12-27');

INSERT INTO `ComedyDB`.`Archive` (`rid`, `text`, `type`, `uid`, `mainAuthor`, `timestamp`) VALUES ('0', '- Компания Майрософт приступила к выпуску водки... <br>- Не знаю насчёт Майкрасофт водки&#44; но вчерашняя водка была явно с элементами фотошопа&#44; учитывая с кем я вчера зажигал.', 'joke', 'ec0838f2', 'WC', '2007-12-27');

INSERT INTO `ComedyDB`.`Archive` (`rid`, `text`, `type`, `uid`, `mainAuthor`, `timestamp`) VALUES ('0', '- Если президентом США все таки станет Хилари Клинтон&#44; то Билл Клинтон станет первой леди страны...', 'joke', 'ec0838f2', 'WC', '2007-12-27');

INSERT INTO `ComedyDB`.`Archive` (`rid`, `text`, `type`, `uid`, `mainAuthor`, `timestamp`) VALUES ('0', '- Мало кто знает что трубка Сталина&#44; как и все остальное - была сделана из крови и пота народа...', 'joke', 'ec0838f2', 'WC', '2007-12-27');

INSERT INTO `ComedyDB`.`Archive` (`rid`, `text`, `type`, `uid`, `mainAuthor`, `timestamp`) VALUES ('0', '- Компьютерная мышь программиста Сидорова гадит ему на коврик...', 'joke', 'ec0838f2', 'WC', '2007-12-27');

INSERT INTO `ComedyDB`.`Archive` (`rid`, `text`, `type`, `uid`, `mainAuthor`, `timestamp`) VALUES ('0', '- А давайте в команде своего гея заведём! <br>- А давайте его на пол седьмого заведем&#44; а то завтра рано вставать...', 'joke', 'ec0838f2', 'WC', '2007-12-27');

INSERT INTO `ComedyDB`.`Archive` (`rid`, `text`, `type`, `uid`, `mainAuthor`, `timestamp`) VALUES ('0', '- Цены на недвижимость ведут себя как моя девушка... <br>- Это как! <br>- Кусаются... ', 'joke', 'ec0838f2', 'WC', '2007-12-27');

INSERT INTO `ComedyDB`.`Archive` (`rid`, `text`, `type`, `uid`, `mainAuthor`, `timestamp`) VALUES ('0', '- В дестве Джордж Буша укусила собачка... <br>- Ну и как Джорж? <br>- Нормально...<br>- А собачка? <br>- Разбомбили...', 'joke', 'ec0838f2', 'WC', '2007-12-27');

INSERT INTO `ComedyDB`.`Archive` (`rid`, `text`, `type`, `uid`, `mainAuthor`, `timestamp`) VALUES ('0', '- 30 лет и 3 года пролежал Илья Муромец на печи... Теперь Илья Муромец &#34;well done&#34;... ', 'joke', 'ec0838f2', 'WC', '2007-12-27');

INSERT INTO `ComedyDB`.`Archive` (`rid`, `text`, `type`, `uid`, `mainAuthor`, `timestamp`) VALUES ('0', '- Скандалом завершилось выступление мытищенских бобслеистов на зимней олимпиаде... <br>- Водила &#34;бобслея&#34; отказался трогаться&#44; пока все за проезд не передали... ', 'joke', 'ec0838f2', 'WC', '2007-12-27');

INSERT INTO `ComedyDB`.`Archive` (`rid`, `text`, `type`, `uid`, `mainAuthor`, `timestamp`) VALUES ('0', '- Ребят&#44; на меня только что за ширмой хулиганы напали... <br>- Это что получается&#44; у нас за ширмой Ист-Пало-Алто?', 'joke', 'ec0838f2', 'WC', '2007-12-27');

INSERT INTO `ComedyDB`.`Archive` (`rid`, `text`, `type`, `uid`, `mainAuthor`, `timestamp`) VALUES ('0', '- Почему идти к женщине с шампанским и конфетами хороший тон&#44; а к мужчине с водкой и воблой - плохой? <br>- Хороший тон - это приходить к мужчине с водкой&#44; воблой и двумя женщинами...', 'joke', 'ec0838f2', 'WC', '2007-12-27');

INSERT INTO `ComedyDB`.`Archive` (`rid`, `text`, `type`, `uid`, `mainAuthor`, `timestamp`) VALUES ('0', '- У маленького Джони из Фримонта были плоскогубцы и немного фантазии... <br>- Поэтому он вырос немного зажатым мальчиком...', 'joke', 'ec0838f2', 'WC', '2007-12-27');

INSERT INTO `ComedyDB`.`Archive` (`rid`, `text`, `type`, `uid`, `mainAuthor`, `timestamp`) VALUES ('0', '- Ходят слухи&#44; что если в полнолуние прочесть фамилию Каминского наоборот&#44; то у Каминского вырастают шарф и трубка...', 'joke', 'ec0838f2', 'WC', '2007-12-27');

INSERT INTO `ComedyDB`.`Archive` (`rid`, `text`, `type`, `uid`, `mainAuthor`, `timestamp`) VALUES ('0', '- Сборная России по футболу признана самой сексуально командой... <br>- Неправда&#44; самой сексуальной командой признана команда &#34;Лежать!&#34;', 'joke', 'ec0838f2', 'WC', '2007-12-27');

INSERT INTO `ComedyDB`.`Archive` (`rid`, `text`, `type`, `uid`, `mainAuthor`, `timestamp`) VALUES ('0', '- В Сан-Хозе моле прошел первый чемпионат Америки по шопингу... Победительницу убил муж! ', 'joke', 'ec0838f2', 'WC', '2007-12-27');

INSERT INTO `ComedyDB`.`Archive` (`rid`, `text`, `type`, `uid`, `mainAuthor`, `timestamp`) VALUES ('0', '- Сборная Эфиопии по водному поло сменила главного тренера... На хлебушек...', 'joke', 'ec0838f2', 'WC', '2007-12-27');

INSERT INTO `ComedyDB`.`Archive` (`rid`, `text`, `type`, `uid`, `mainAuthor`, `timestamp`) VALUES ('0', '- В Нижнем Тагиле прошел чемпионат по спортивной хотьбе за пивом... Не все участники дотерпели до финиша...', 'joke', 'ec0838f2', 'WC', '2007-12-27');

INSERT INTO `ComedyDB`.`Archive` (`rid`, `text`, `type`, `uid`, `mainAuthor`, `timestamp`) VALUES ('0', '- Вчера Израильским снайпером был дисквалифицирован палестинский метатель ядра...', 'joke', 'ec0838f2', 'WC', '2007-12-27');

INSERT INTO `ComedyDB`.`Archive` (`rid`, `text`, `type`, `uid`, `mainAuthor`, `timestamp`) VALUES ('0', '- В Ватикане завершился чемпионат по художественной гимнастике... Победил Папа Бенедикт&#44; ибо на то воля божья...<br>', 'joke', 'ec0838f2', 'WC', '2007-12-27');

INSERT INTO `ComedyDB`.`Archive` (`rid`, `text`, `type`, `uid`, `mainAuthor`, `timestamp`) VALUES ('0', '- Скандал на чемпионате мира по русским шашкам...  Шнеперсон выиграл у Гольдмана...', 'joke', 'ec0838f2', 'WC', '2007-12-27');

INSERT INTO `ComedyDB`.`Archive` (`rid`, `text`, `type`, `uid`, `mainAuthor`, `timestamp`) VALUES ('0', '- Сборная Сан-Хозе по игре в городки ищет тренера... Тренеров по игре в &#34;деревеньки&#34; просьба не беспокоитьса...', 'joke', 'ec0838f2', 'WC', '2007-12-27');

INSERT INTO `ComedyDB`.`Archive` (`rid`, `text`, `type`, `uid`, `mainAuthor`, `timestamp`) VALUES ('0', '- Следующий матч сборная России по футболу сыграет на выезде со сборной Гринландии... <br>- Одни отморозки встретятся с другими!', 'joke', 'ec0838f2', 'WC', '2007-12-27');

INSERT INTO `ComedyDB`.`Archive` (`rid`, `text`, `type`, `uid`, `mainAuthor`, `timestamp`) VALUES ('0', '- <i>/как в супермаркете&#44; берет товары и проводит их над сканнером/</i> Так&#44; жвачка <i>/бип/</i>&#44; шоколадка <i>/бип/</i>&#44; пачка презервативов... <br>- А жвачка надувается? <br>- Да.. <br>- Тогда только жвачку и шоколадку...', 'sketch', 'ec0838f2', 'WC', '2007-12-27');

INSERT INTO `ComedyDB`.`Archive` (`rid`, `text`, `type`, `uid`, `mainAuthor`, `timestamp`) VALUES ('0', '- Вчера в ресторане Фандорин произошла очередная драка... Как и эволюция&#44; драка произошла от обезьян...', 'joke', 'ec0838f2', 'WC', '2007-12-27');

INSERT INTO `ComedyDB`.`Archive` (`rid`, `text`, `type`, `uid`, `mainAuthor`, `timestamp`) VALUES ('0', '- Вчера в ресторане Фандорин произошла очередная драка... Погибло 4 гопника &#40;быдло&#41;&#44; человеческих жертв нет...', 'joke', 'ec0838f2', 'WC', '2007-12-27');

INSERT INTO `ComedyDB`.`Archive` (`rid`, `text`, `type`, `uid`, `mainAuthor`, `timestamp`) VALUES ('0', '- Ребят&#44; смотрите&#44; смотрите&#44; вон&#44; в последнем ряду двое целуются!..<br>- Это не последний ряд... и они не целуются ... а совещаются... и вообще&#44; это жюри!', 'joke', 'ec0838f2', 'WC', '2007-12-27');

INSERT INTO `ComedyDB`.`Archive` (`rid`, `text`, `type`, `uid`, `mainAuthor`, `timestamp`) VALUES ('0', '- В лесах подмосковья была поймана банда одичалых туристов-бардов...Что бы поймать барда надо в капкан положить пол банки тушенки&#44; расписание электричек и ноты Митяева...', 'joke', 'ec0838f2', 'WC', '2007-12-27');

INSERT INTO `ComedyDB`.`Archive` (`rid`, `text`, `type`, `uid`, `mainAuthor`, `timestamp`) VALUES ('0', '- Маньяк-PhD отлавливает девущек и насилует им мозг...', 'joke', 'ec0838f2', 'Pavel', '2007-12-27');

INSERT INTO `ComedyDB`.`Archive` (`rid`, `text`, `type`, `uid`, `mainAuthor`, `timestamp`) VALUES ('0', '- Дарья Донцова заполняя в бланке графу ФИО&#44; случайно написала новый роман...', 'joke', 'ec0838f2', 'Pavel', '2007-12-27');

INSERT INTO `ComedyDB`.`Archive` (`rid`, `text`, `type`, `uid`, `mainAuthor`, `timestamp`) VALUES ('0', '- На чёрном рынке можно купить и оружие и наркотики. Очень символично&#44; что чёрный рынок расположен именно в Окленде...', 'joke', 'ec0838f2', 'Pavel', '2007-12-27');

INSERT INTO `ComedyDB`.`Archive` (`rid`, `text`, `type`, `uid`, `mainAuthor`, `timestamp`) VALUES ('0', '- Когда Евгений Семенович родился&#44; акушер объяавил:<br>- Президент Американской Лиги КВН&#44; чемпион международного союза КВН в составе Одесских Джентельменов&#44; Евгений Семенович Камаинский... &#40;можно фонограмму пустить&#41;', 'joke', 'ec0838f2', 'Pavel', '2007-12-27');

INSERT INTO `ComedyDB`.`Archive` (`rid`, `text`, `type`, `uid`, `mainAuthor`, `timestamp`) VALUES ('0', '- На самом деле Гагарин впервые вышел на орбиту&#44; когда в детстве записался на бокс и пропустил хук слева...', 'joke', 'ec0838f2', 'Pavel', '2007-12-27');

INSERT INTO `ComedyDB`.`Archive` (`rid`, `text`, `type`, `uid`, `mainAuthor`, `timestamp`) VALUES ('0', '- В день Ивана Купала&#44; Ивана еще и кормила и спать уложила...', 'joke', 'ec0838f2', 'Pavel', '2007-12-27');

INSERT INTO `ComedyDB`.`Archive` (`rid`, `text`, `type`, `uid`, `mainAuthor`, `timestamp`) VALUES ('0', '- Сборная Монголии по стрельбе из лука объявила войну Китаю и по привычке образовала Золотую Орду...', 'joke', 'ec0838f2', 'Pavel', '2007-12-27');

INSERT INTO `ComedyDB`.`Archive` (`rid`, `text`, `type`, `uid`, `mainAuthor`, `timestamp`) VALUES ('0', '- У бывшего белорусского партизана разболелся зуб... Он подумал&#44; что немцы&#44; и по привычке взорвал мост...', 'joke', 'ec0838f2', 'Pavel', '2007-12-27');

INSERT INTO `ComedyDB`.`Archive` (`rid`, `text`, `type`, `uid`, `mainAuthor`, `timestamp`) VALUES ('0', '- Наш Леша удачно передвигался по карьерной лестнице и умудрился дойти от обычного кострового в пионерском лагере до заведущего крематория...', 'joke', 'ec0838f2', 'Pavel', '2007-12-27');

INSERT INTO `ComedyDB`.`Archive` (`rid`, `text`, `type`, `uid`, `mainAuthor`, `timestamp`) VALUES ('0', '- В передаче &#34;Цирк со Звездами&#34; Лев Лещенко так и не смог объяснить пьяному клоуну&#44; что он не царь зверей и его не надо дрессировать...', 'joke', 'ec0838f2', 'Pavel', '2007-12-27');

INSERT INTO `ComedyDB`.`Archive` (`rid`, `text`, `type`, `uid`, `mainAuthor`, `timestamp`) VALUES ('0', '- Молдавские хакеры взломали стенгазету...', 'joke', 'ec0838f2', 'Pavel', '2007-12-27');

INSERT INTO `ComedyDB`.`Archive` (`rid`, `text`, `type`, `uid`, `mainAuthor`, `timestamp`) VALUES ('0', '- Голандские террористы захватили пакетик с кокаином и требуют минералки и печеньку...', 'joke', 'ec0838f2', 'Pavel', '2007-12-27');

INSERT INTO `ComedyDB`.`Archive` (`rid`, `text`, `type`, `uid`, `mainAuthor`, `timestamp`) VALUES ('0', '<i>/жена отчитывает мужа/</i><br>- Ну и нахрена мы от туда в Америку переехали? <i>/передразнивая/</i> Поехали&#44; там будет лучше... там будет лучше... Нахрена???<br>- <i>/конфернас/</i> А теперь давайте посмотрим полную версию...<br>- <i>/диктор/</i> И Олимпиада 2014 года пройдет... В СОЧИ!!!<br>- <i>/опять жена/</i> И нахрена мы от туда уехали??!? Нахрена????', 'sketch', 'ec0838f2', 'Pavel', '2007-12-27');

INSERT INTO `ComedyDB`.`Archive` (`rid`, `text`, `type`, `uid`, `mainAuthor`, `timestamp`) VALUES ('0', '- Иранские ученые спомощью &#36;20 долларов и голого энтизиазма&#44; обоготили уран еще на &#36;20...', 'joke', 'ec0838f2', 'Pavel', '2007-12-27');

INSERT INTO `ComedyDB`.`Archive` (`rid`, `text`, `type`, `uid`, `mainAuthor`, `timestamp`) VALUES ('0', 'актуал на тему пожаров на Юге Калифорнии&#44; а точнее в Малибу &#40;где куча звезд&#41; или в Сан Диего &#40;от куда родом Каминский&#41;... Надо как-то это связать с пожаром в Москве в 1812 году... <br>Может типа&#44; в Сан-Диего должны были войти французы и Каминский решил им город не отдавать&#44; и сам его сжег? Или типа Голивуд пытался снять экранизацию &#34;Войны и Мир&#34;?  ', 'idea', 'ec0838f2', 'Pavel', '2007-12-27');

INSERT INTO `ComedyDB`.`Archive` (`rid`, `text`, `type`, `uid`, `mainAuthor`, `timestamp`) VALUES ('0', '- В Валнут Крике открылся магазин Берлин. По традиции первыми в Берлин вошли русские и захватили его...', 'joke', 'ec0838f2', 'Pavel', '2007-12-27');

INSERT INTO `ComedyDB`.`Archive` (`rid`, `text`, `type`, `uid`, `mainAuthor`, `timestamp`) VALUES ('0', '<i>/идут двое с ружьем/</i><br>- О смотри... ухо! А вот палец... А тут нос... еще теплый... Похоже Майкл Джексон...<br>- Давай&#44; к реке его загоняй!', 'sketch', 'ec0838f2', 'Pavel', '2007-12-27');

INSERT INTO `ComedyDB`.`Archive` (`rid`, `text`, `type`, `uid`, `mainAuthor`, `timestamp`) VALUES ('0', '- Андрей Данилко изнасиловал Верку Сердючку...', 'joke', 'ec0838f2', 'Pavel', '2007-12-27');

INSERT INTO `ComedyDB`.`Archive` (`rid`, `text`, `type`, `uid`, `mainAuthor`, `timestamp`) VALUES ('0', '- Толпа Молдавских туристов по привычке обклеила Китайскую Стену обоями...', 'joke', 'ec0838f2', 'Pavel', '2007-12-27');

INSERT INTO `ComedyDB`.`Archive` (`rid`, `text`, `type`, `uid`, `mainAuthor`, `timestamp`) VALUES ('0', 'Новогоднее Пати<br>- из-за ширмы раздаётся &#34;десять&#44; девять&#44; восемь&#44; семь...С Новым Годом!!!&#34;<br>- ширма раздвигается&#44; все целуются. Леша подкатывает к Каминскому с намерением поцеловаться&#44; но Каминский не реагирует<br>- кто-то лежит в салате&#44; другой подходит&#44; отодвигает его голову и положил себе салатика<br>- начинается медленный танец&#44; все разбиваются в пары&#44; а Леше не хватает. Леша подходит к Каминскому&#44; но то никак<br>- все обмениваются подарками&#44; у Леши опять нет пары. Он подходит к Каминскому&#44; но тот опять нет<br>- парня&#44; который в салате: поднимают ему голову&#44; одевают ему боа&#44; красят губы<br>- игра: завязывают глаза парню и предлагают выпить. Про него забывают и пьют сами<br>- а давайте все позовем Девушку Мороза. Все начинают орать: Девушка Мороз! Девушка Мороз!. Вы чего орете? Нужно звонить. Один звонит<br><br>- Караоке: один поет вживую&#44; остальные показывают таблички<br>', 'idea', 'ec0838f2', 'Pavel', '2008-01-07');

INSERT INTO `ComedyDB`.`Archive` (`rid`, `text`, `type`, `uid`, `mainAuthor`, `timestamp`) VALUES ('0', 'Короче&#44; такая хрень... Каминскому на Новый Год мы &#40;команда &#41; подарили новую тумбочку &#40;на тумбочке приклеен большой бантик&#41;. В итоге оказалось что тумбочка волшебная&#44; и может испольнять желания... Либо в тумбочке постоянно деньги либо еще что... <br>можно поиграть с тем&#44; что у того кто стоит за тумбочкой всегда все тип-топ... &#34;Правда&#44; Евгений Семенович?&#34;<br>Что бы загадать желание&#44; мы всегда должны встать за тумбочку и внятно озвучить желание... ', 'idea', 'ec0838f2', 'Pavel', '2008-01-07');

INSERT INTO `ComedyDB`.`Archive` (`rid`, `text`, `type`, `uid`, `mainAuthor`, `timestamp`) VALUES ('0', '- Везде в шахматах конь ходит буквой &#34;гэ&#34;&#44; а на Украине конь ходит буквой &#34;гъэ&#34;...', 'joke', 'ec0838f2', 'Pavel', '2008-01-07');

INSERT INTO `ComedyDB`.`Archive` (`rid`, `text`, `type`, `uid`, `mainAuthor`, `timestamp`) VALUES ('0', 'Программист-алкоголик закодировался на С++ &#40;было???&#41;', 'joke', 'ec0838f2', 'Alex P', '2008-01-09');

INSERT INTO `ComedyDB`.`Archive` (`rid`, `text`, `type`, `uid`, `mainAuthor`, `timestamp`) VALUES ('0', '- Ребята&#44; в нашей команде прибавление!.. Да-да&#44; у нас появился маленький... шанс!', 'joke', 'ec0838f2', 'WC', '2008-01-10');

INSERT INTO `ComedyDB`.`Archive` (`rid`, `text`, `type`, `uid`, `mainAuthor`, `timestamp`) VALUES ('0', '- Джордж Буш открыл свой блог на &#34;май-спэйсе&#34;... и теперь ищет Усаму бин Ладена через майспейс...', 'joke', 'ec0838f2', 'WC', '2008-01-10');

INSERT INTO `ComedyDB`.`Archive` (`rid`, `text`, `type`, `uid`, `mainAuthor`, `timestamp`) VALUES ('0', '- А почему в мире так много Китайцев? <br>- Их производство обходится дешевле...', 'joke', 'ec0838f2', 'WC', '2008-01-10');

INSERT INTO `ComedyDB`.`Archive` (`rid`, `text`, `type`, `uid`, `mainAuthor`, `timestamp`) VALUES ('0', '- Вчера был дисквалифицирован палестинский метатель ядра... В его крови был обнаружен антисемитизм...', 'joke', 'ec0838f2', 'WC', '2008-01-10');

INSERT INTO `ComedyDB`.`Archive` (`rid`, `text`, `type`, `uid`, `mainAuthor`, `timestamp`) VALUES ('0', '- Позавчера отмечали день Независимости Кубы&#44; сегодня будем отмечать&#44; завтра будем&#44; послезавтра будем. А что&#44; Куба-то каждый день независимая...', 'joke', 'ec0838f2', 'WC', '2008-01-10');

INSERT INTO `ComedyDB`.`Archive` (`rid`, `text`, `type`, `uid`, `mainAuthor`, `timestamp`) VALUES ('0', '- Русские ученые удачно клонировали бутылку водки... А нет&#44; не так&#44; бутылка водки клонировала российских ученых в глазах сторожа...', 'joke', 'ec0838f2', 'WC', '2008-01-10');

INSERT INTO `ComedyDB`.`Archive` (`rid`, `text`, `type`, `uid`, `mainAuthor`, `timestamp`) VALUES ('0', '- Мне из Ливерморской Лабаратории приглашение пришло поучавствовать в их эксперименте... <br>- То есть&#44; они узнали&#44; что ты крыса? ', 'joke', 'ec0838f2', 'WC', '2008-01-10');

INSERT INTO `ComedyDB`.`Archive` (`rid`, `text`, `type`, `uid`, `mainAuthor`, `timestamp`) VALUES ('0', '- Ребят&#44; а девушка из шестого ряда мне подмигивает... А&#44; не&#44; это она засыпает...<br>', 'joke', 'ec0838f2', 'WC', '2008-01-10');

INSERT INTO `ComedyDB`.`Archive` (`rid`, `text`, `type`, `uid`, `mainAuthor`, `timestamp`) VALUES ('0', '- Южный Темперамент - это не только 5-6 горячих мужчин&#44; но и ценный мех... ', 'joke', 'ec0838f2', 'WC', '2008-01-10');

INSERT INTO `ComedyDB`.`Archive` (`rid`, `text`, `type`, `uid`, `mainAuthor`, `timestamp`) VALUES ('0', '- Наш Валя - сладкоешка... он кладет в сахар три ложки чая...', 'joke', 'ec0838f2', 'WC', '2008-01-10');

INSERT INTO `ComedyDB`.`Archive` (`rid`, `text`, `type`, `uid`, `mainAuthor`, `timestamp`) VALUES ('0', '<center><b>попытка накатать домашку</b></center><br><br>- В Италии на новый год принято выбрасывать старую мебель и покупать новую… По этому Евгений Семенович заказал себе в Айкии новую тумбочку! <br><br><i>/на сцену рабочие выносят реальную тумбочку/ </i><br><br>- Я скажу!<br><br>- Нет я скажу!<br><br>- Стоп! <br><br><i>/все резко застывают в дуратских позах/</i><br><br>- Ух ты! Все на пол!<br><br><i>/все падают на пол/</i><br><br>- Отомрите...<br><br>- Мне кажется&#44; что ето вольшебная тумбочка! У того кто ей владеет может любое желаание исполнятся… <br><br>- А давайте ее испытаем!<br><br>- Предлагаю провести испытание как обычно на крысах!<br><br>- Точно! Давайте на Ваське испытаем!<br><br>- Да ни какая я не крыса... с чего вы взляли&#44; что я крыса? <i>/подходитк к тумбачке/</i> совсем не крыса... хочу <i>/вимзикал звук&#44; достает из тумбочки головку сыра/</i> дазе близко не крыса... <br><br>- А давайте я загадаю!!!<br><br>- Ну попробуй...<br><br><i>/звучит вимзикал звук&#44; на сцену начинают выходит красивые девушки подходить к парню и целовать его в щеку... после 5 или 6 девушки выходит парень и целует его в щеку.../</i><br><br>- Эй! Я етого не загадывал...<br><br>- Это я загадал :&#41;<br><br>- Так&#44; теперь моя очередь! Хочу быть программистом!<br><br><i>/В душе каждый программист немного Золушка/ </i><br><br>- Ой! Добрая фея! <br><br>- Здавствуй&#44; Золушка... <br><br>- Фея&#44; я хочу поехать на бал... Но злой проджект менеджер заставил меня все программы на Джаве и Си++ проверить на ошибки... А я так хочу на бал... <br><br>- Хорошо... Золушка... Ты поедишь на бал...<br><br>- А как же программы? <br><br>- Ничего&#44; за тебя это сделают индийские программисты... <br><br>- А как я поеду? <br><br>- Этот Макинтош будет тебе шикарным лексусом... Его же мышка превратися в кучера... <br><br>- Но в чем же я поеду? <br><br>- Ты поедишь в старых джинсай&#44; рубашке и свитере... <br><br>- Но у меня совсем нет туфелек... <br><br>- Возьми мои сандали... и одень их прямо с носками... <br><br>- Спасибо&#44; добрая Фея.... <br><br>- И помни&#44; Золушка&#44; ровно с двенадцатым ударом у тебя закончится виза &#34;Н-1&#34;...<br><br>- Хочу&#44; что бы я был богатым... что бы ко мне было особое отношение... И что бы я знаменитыми!!! <br><br><i>/уходит за ширму/ </i><br><br>- Дамы и господа! Первый мужчина сумевший родить ребенка получит Нобелевскую премию и один миллион долларов! <br><br><i>/ширма открывается&#44; из-за нее выходит три актера&#44; скажем в положении на 8 месяце/ </i><br><br>- Ух ты! <br><br>- Говорят&#44; что когда женщины беременны&#44; они через чур эмоциональны... <br><br>- Я так счастлив... <br><br>- Я лично так считаю... Мужик должен сидеть дома и рожать! <br><br><i>/выбегает парень с бутылкой водки и банкой огурцов/ </i><br><br>- Мужики&#44; пошли бухать! <br><br>- Огруцы! <br><br><i>/один из беременных забираен банку огурцов и уходит/ </i><br><br>- <br><br>- У меня дома тоже волшебная тумбочка... Кажды месяц я в нее кладу свою зарплату&#44; и она постоянно куда-то пропадает... Волшбество? Волшебство! <br><br>- Или после дня рождения просыпаешся... Голова раскалывается... ты в тумбочку&#44; а там бутылка пива... Волшебство? Волшебство! <br><br>- Или подходишь к Евгению Семеновичу&#44; а он снимает со своей тумбочки золотую медаль&#44; и вручает ее тебе... Волшебство? Нет&#44; результат кропотливого и упорного труда! ', 'joke', 'ec0838f2', 'Pavel', '2008-01-10');

INSERT INTO `ComedyDB`.`Archive` (`rid`, `text`, `type`, `uid`, `mainAuthor`, `timestamp`) VALUES ('0', 'Сценка &#40;например&#44; парень говорит &#34;хочу понимать женщин&#34;<br>девушка &#34;а я хочу понимать мужчин&#34;<br>не номер&#44; а наброски:<br> <br>Парень &#40;П&#41; с девушкой &#40;Д&#41;&#44; и у каждого свой переводчик &#40;Т&#41; <br>П: ты веришь в любовь с первого взгляда?<br>Т: - Есть ли шанс на секс на первом свидании?<br>Д: - Да<br>Т: - Нет.<br> <br>Д: - а какой предмет у тебя был в школе самый любимый?<br>Т: - Ты хотя бы в школе учился?<br> <br>М: - Литература&#44; Математика&#44; История<br>Т: - Физра<br> <br>П: - А у тебя?<br>Т: - не знаю&#44; что спросить&#44; расскажи что-нибудь<br> <br>П: - Какие качества тебе нравятся в парне?<br>Т: - тебе тоже богатый нужен?<br><br>Д: - надежный...<br>Т: - чобы всегда были деньги...<br>Д: - добрый...<br>Т: - чтобы легко их отдавал...<br>Д: - Умный...<br>Т: - чтоб мог еще заработать...<br>Д: - с большим...<br>Т: - с большим...<br>Д: - чувством юмора.<br>Т: - с большим.<br> <br>Д: - А ты что ищешь в девушке?<br>Т: - какой размер ты ищешь в девушке?<br>', 'sketch', 'ec0838f2', 'Hlystov', '2008-01-10');

INSERT INTO `ComedyDB`.`Archive` (`rid`, `text`, `type`, `uid`, `mainAuthor`, `timestamp`) VALUES ('0', 'Геимер Вася Стракрафтов столкнулся в переулке с хулиганами.  В результате столкновения Вася потерял 30 пойнтов здоровья&#44; 127 пойнтов богатства&#44; но заработал 15 пойнтов мудрости', 'joke', 'ec0838f2', 'Hlystov', '2008-01-10');

INSERT INTO `ComedyDB`.`Archive` (`rid`, `text`, `type`, `uid`, `mainAuthor`, `timestamp`) VALUES ('0', 'Очень популярно подходить к Александру Васильевичу и просить его взять команду в Высшую Лигу... А вот еще несколько вариантов.<br>[Герасим]: - Александр Васильевич... А возьмите щенка...<br>[Сборная России по Футболу]: - Александр Васильевич... А возьмите нас в ЮАР...<br>[Иван Грозный]: - Александр Васильевич... А возьмите Казань...<br>[Екатерина Великая]: - Александр Васильевич... А возьмите Измаил и Шипку...<br>[Константин Эрнст]: - Александр Васильевич... А возьмите сразу две&#44; что б не бегать...<br>[Команда из Сан Франциско]: - Александр Васильевич... А возьмите нас сзади...<br>', 'joke', 'ec0838f2', 'Pavel', '2009-12-05');

INSERT INTO `ComedyDB`.`Archive` (`rid`, `text`, `type`, `uid`, `mainAuthor`, `timestamp`) VALUES ('0', 'В СССР Секса не было. Ну по крайней мере у меня точно не было...', 'joke', 'ec0838f2', 'Pavel', '2009-12-20');

INSERT INTO `ComedyDB`.`Archive` (`rid`, `text`, `type`, `uid`, `mainAuthor`, `timestamp`) VALUES ('0', '- Вчера был пойман самый разыскиваемый в России преступник&#44; причем самое замечательное&#44; что пойман на мизере получив паровоз.', 'joke', 'ec0838f2', 'Pavel', '2010-01-12');

INSERT INTO `ComedyDB`.`Archive` (`rid`, `text`, `type`, `uid`, `mainAuthor`, `timestamp`) VALUES ('0', 'На пульт дежурного Советского УВД поступил звонок. Сначала звонок хотел поступать на в общем потоке ИнЯз&#44; но почему-то поступил только на пульт дежурного.', 'joke', 'ec0838f2', 'Pavel', '2010-02-06');

INSERT INTO `ComedyDB`.`Archive` (`rid`, `text`, `type`, `uid`, `mainAuthor`, `timestamp`) VALUES ('0', 'На соревнования по Биатлону в гонке с преследованием победила спортсменка из Москвы&#44; которую всю дистанцию преследовал сексуальный маньяк.', 'joke', 'ec0838f2', 'Pavel', '2010-02-17');

INSERT INTO `ComedyDB`.`Archive` (`rid`, `text`, `type`, `uid`, `mainAuthor`, `timestamp`) VALUES ('0', 'Медведь с манту боится сосать лапу.', 'joke', 'ec0838f2', 'Pavel', '2012-10-08');

INSERT INTO `ComedyDB`.`Archive` (`rid`, `text`, `type`, `uid`, `mainAuthor`, `timestamp`) VALUES ('0', '', 'joke', 'ec0838f2', '', '20--');

INSERT INTO `ComedyDB`.`Dictionary` (`english`, `russian`, `ukrainian`) VALUES ('Songs', 'Песни', 'Пісні');

INSERT INTO `ComedyDB`.`Dictionary` (`english`, `russian`, `ukrainian`) VALUES ('Dark', 'Чернуха', 'Чорнуха');

INSERT INTO `ComedyDB`.`Dictionary` (`english`, `russian`, `ukrainian`) VALUES ('Dark Humor', 'Чернушный материал', 'Чернушниє матеріал');

INSERT INTO `ComedyDB`.`Punchline` (`sid`, `line`, `uid`, `timestamp`) VALUES ('22', 'fdafafsdafsda', '23f21de0', '2013-01-31 09:35:30');

INSERT INTO `ComedyDB`.`Brainstorm` (`ref_id`, `line`, `uid`, `timestamp`) VALUES ('22', 'fdafafsdafsda', '23f21de0', '2013-01-31 09:35:30');

INSERT INTO `ComedyDB`.`Punchline` (`sid`, `line`, `uid`, `timestamp`) VALUES ('21', 'fasdfsdfasdfas', '63c99362', '2013-01-31 09:37:13');

INSERT INTO `ComedyDB`.`Brainstorm` (`ref_id`, `line`, `uid`, `timestamp`) VALUES ('21', 'fasdfsdfasdfas', '63c99362', '2013-01-31 09:37:13');

INSERT INTO `ComedyDB`.`Dictionary` (`english`, `russian`, `ukrainian`) VALUES ('Writer', 'Автор', 'Автор');

INSERT INTO `ComedyDB`.`Dictionary` (`english`, `russian`, `ukrainian`) VALUES ('Setups', 'Подачи', 'Подачi');

INSERT INTO `ComedyDB`.`Dictionary` (`english`, `russian`, `ukrainian`) VALUES ('Joke setup stats', 'Статистика по подачам', 'Статистика по подачам');

INSERT INTO `ComedyDB`.`Dictionary` (`english`, `russian`, `ukrainian`) VALUES ('Joke Punchline Stats', 'Статистика по добивкам', 'Статистика по добiвкам');

INSERT INTO `ComedyDB`.`Dictionary` (`english`, `russian`, `ukrainian`) VALUES ('Admin panel', 'Панель админа', 'Панель адміна');

INSERT INTO `ComedyDB`.`Dictionary` (`english`, `russian`, `ukrainian`) VALUES ('Update dictionary', 'Обновить словарь', 'Оновити словник');

INSERT INTO `ComedyDB`.`Dictionary` (`english`, `russian`, `ukrainian`) VALUES ('Edit Members', 'Править резидентов', 'Правити резидентів');

INSERT INTO `ComedyDB`.`Dictionary` (`english`, `russian`, `ukrainian`) VALUES ('Website Action Logs', 'Журнальные записи (логи)', 'Журнальні записування (логі)');

INSERT INTO `ComedyDB`.`Dictionary` (`english`, `russian`, `ukrainian`) VALUES ('Navigation', 'Навигация', 'Навігація');

INSERT INTO `ComedyDB`.`Dictionary` (`english`, `russian`, `ukrainian`) VALUES ('Action Links', 'Рабочие ссылки', 'Робочі лінкі');

INSERT INTO `ComedyDB`.`Dictionary` (`english`, `russian`, `ukrainian`) VALUES ('Vote on brainstorms jokes', 'Голосовать по брейншторму', 'Голосувати за мозковий штурм');

INSERT INTO `ComedyDB`.`Dictionary` (`english`, `russian`, `ukrainian`) VALUES ('Add material to the archive', 'Добавить материал в архив', 'Додати матеріал в архів');

INSERT INTO `ComedyDB`.`Dictionary` (`english`, `russian`, `ukrainian`) VALUES ('Write a joke setup for brainstorm', 'Добавить вопрос на брейншторм', 'Додати питання на брейншторм');

INSERT INTO `ComedyDB`.`Dictionary` (`english`, `russian`, `ukrainian`) VALUES ('Vote on humor material', 'Голосовать по материалу', 'Голосувати за матеріалом');

INSERT INTO `ComedyDB`.`Dictionary` (`english`, `russian`, `ukrainian`) VALUES ('Material type', 'Тип материала', 'Вид матеріалу');

INSERT INTO `ComedyDB`.`Dictionary` (`english`, `russian`, `ukrainian`) VALUES ('You forgot to submit a message', 'Вы забыли вписать материал', 'Ви забули вписати матеріал');

INSERT INTO `ComedyDB`.`Dictionary` (`english`, `russian`, `ukrainian`) VALUES ('You forgot to select type of the material', 'Вы забыли указать тип материала', 'Ви забули вказати тип матеріалу');

INSERT INTO `ComedyDB`.`Dictionary` (`english`, `russian`, `ukrainian`) VALUES ('You forgot to submit a message', 'Вы забыли сделать запись в архив', 'Ви забули зробити запис в архів');

INSERT INTO `ComedyDB`.`Users` (`uid`, `name`, `nick`, `email`, `timestamp`) VALUES ('e149b504', 'Misha', 'Misha', 'mike@addf.com', '2013-02-01 12:07:36');

INSERT INTO `ComedyDB`.`Security` (`uid`, `password`, `timestamp`) VALUES ('e149b504', 'emFsdXBh', '2013-02-01 12:07:36');


		UPDATE `ComedyDB`.Users 
		SET `Users`.`privileges`='member' 
		WHERE `Users`.`uid`='e149b504';
		

INSERT INTO `ComedyDB`.`Users` (`uid`, `name`, `nick`, `email`, `timestamp`) VALUES ('ac646a46', 'Lenin', 'V.I. Lenin', 'lenin@krem.rr', '2013-02-03 17:12:38');

INSERT INTO `ComedyDB`.`Security` (`uid`, `password`, `timestamp`) VALUES ('ac646a46', 'YWFhYWFh', '2013-02-03 17:12:38');

INSERT INTO `ComedyDB`.`Users` (`uid`, `name`, `nick`, `email`, `timestamp`) VALUES ('402fcb6e', 'Stalin', 'Iosif Stalin', 'stalin@yahoo.com', '2013-02-03 17:16:48');

INSERT INTO `ComedyDB`.`Security` (`uid`, `password`, `timestamp`) VALUES ('402fcb6e', 'cHBwcHBw', '2013-02-03 17:16:48');

INSERT INTO `ComedyDB`.`Users` (`uid`, `name`, `nick`, `email`, `timestamp`) VALUES ('e577214f', 'Pupkin', 'Vasya Pupkin', 'vasya@pupkin.com', '2013-02-03 17:19:08');

INSERT INTO `ComedyDB`.`Security` (`uid`, `password`, `timestamp`) VALUES ('e577214f', 'a2tra2tr', '2013-02-03 17:19:08');


		UPDATE `ComedyDB`.Users 
		SET `Users`.`privileges`='member' 
		WHERE `Users`.`uid`='402fcb6e';
		


		UPDATE `ComedyDB`.Users 
		SET `Users`.`privileges`='author' 
		WHERE `Users`.`uid`='ac646a46';
		

INSERT INTO `ComedyDB`.`Users` (`uid`, `name`, `nick`, `email`, `timestamp`) VALUES ('6eb16b40', 'Pashka', 'Pashka Anisimov', 'pavel.n.anisimov@gmail.com', '2013-02-03 18:15:31');

INSERT INTO `ComedyDB`.`Security` (`uid`, `password`, `timestamp`) VALUES ('6eb16b40', 'cXdlcnR5', '2013-02-03 18:15:31');

INSERT INTO `ComedyDB`.`Punchline` (`sid`, `line`, `uid`, `timestamp`) VALUES ('22', 'test test test', '741ebb6f', '2013-02-04 07:06:17');

INSERT INTO `ComedyDB`.`Brainstorm` (`ref_id`, `line`, `uid`, `timestamp`) VALUES ('22', 'test test test', '741ebb6f', '2013-02-04 07:06:17');

INSERT INTO `ComedyDB`.`Punchline` (`sid`, `line`, `uid`, `timestamp`) VALUES ('22', 'test test test test ', '741ebb6f', '2013-02-04 07:06:35');

INSERT INTO `ComedyDB`.`Brainstorm` (`ref_id`, `line`, `uid`, `timestamp`) VALUES ('22', 'test test test test ', '741ebb6f', '2013-02-04 07:06:35');

INSERT INTO `ComedyDB`.`Dictionary` (`english`, `russian`, `ukrainian`) VALUES ('all', 'все', 'всі');

UPDATE `ComedyDB`.`Users` SET `time` = '1360010349' WHERE `Users`.`uid` = '741ebb6f' ;

UPDATE `ComedyDB`.`Users` SET `time` = '1360010368' WHERE `Users`.`uid` = '741ebb6f' ;

UPDATE `ComedyDB`.`Users` SET `time` = '1360069274' WHERE `Users`.`uid` = '' ;

INSERT INTO `ComedyDB`.`Dictionary` (`english`, `russian`, `ukrainian`) VALUES ('Past due', 'Долги', 'Боргi');

UPDATE `ComedyDB`.`Users` SET `time` = '1360069337' WHERE `Users`.`uid` = '' ;

INSERT INTO `ComedyDB`.`Dictionary` (`english`, `russian`, `ukrainian`) VALUES ('Missing Brainstorms', 'Хвосты', 'Хвости');

UPDATE `ComedyDB`.`Users` SET `time` = '1360069619' WHERE `Users`.`uid` = '' ;

INSERT INTO `ComedyDB`.`Dictionary` (`english`, `russian`, `ukrainian`) VALUES ('Brainstorm is considered to be accounted for if there are at least 7 setups answered, i.e. 70%', 'Брейншторм считается зачтенным, если отвеченно минимум на 7 вопросов, т.е. 70%', 'Мозковий штурм вважається зарахованим, якщо отвеченно мінімум на 7 питань, тобто 70%');

UPDATE `ComedyDB`.`Users` SET `time` = '1360069790' WHERE `Users`.`uid` = '' ;

INSERT INTO `ComedyDB`.`Dictionary` (`english`, `russian`, `ukrainian`) VALUES ('none', 'нету', 'немає');

UPDATE `ComedyDB`.`Users` SET `time` = '1360088511' WHERE `Users`.`uid` = '' ;

INSERT INTO `ComedyDB`.`Dictionary` (`english`, `russian`, `ukrainian`) VALUES ('last week', 'за неделю', 'за тиждень');

UPDATE `ComedyDB`.`Users` SET `time` = '1360088567' WHERE `Users`.`uid` = '' ;

INSERT INTO `ComedyDB`.`Dictionary` (`english`, `russian`, `ukrainian`) VALUES ('last month', 'за месяц', 'за місяць');

UPDATE `ComedyDB`.`Users` SET `time` = '1360088649' WHERE `Users`.`uid` = '' ;

INSERT INTO `ComedyDB`.`Dictionary` (`english`, `russian`, `ukrainian`) VALUES ('last half-year', 'за полгода', 'за півроку');

UPDATE `ComedyDB`.`Users` SET `time` = '1360089040' WHERE `Users`.`uid` = '' ;

INSERT INTO `ComedyDB`.`Dictionary` (`english`, `russian`, `ukrainian`) VALUES ('Author', 'Автор', 'Автор');

UPDATE `ComedyDB`.`Users` SET `time` = '1360089148' WHERE `Users`.`uid` = '' ;

INSERT INTO `ComedyDB`.`Dictionary` (`english`, `russian`, `ukrainian`) VALUES ('Posted', 'Добавлено', 'Додано');

UPDATE `ComedyDB`.`Users` SET `time` = '1360089222' WHERE `Users`.`uid` = '' ;

INSERT INTO `ComedyDB`.`Dictionary` (`english`, `russian`, `ukrainian`) VALUES ('originally', 'изначально', 'спочатку');

UPDATE `ComedyDB`.`Users` SET `time` = '1360090488' WHERE `Users`.`uid` = '' ;

INSERT INTO `ComedyDB`.`Dictionary` (`english`, `russian`, `ukrainian`) VALUES ('Who is online', 'Кто на сайте', 'Хто на сайті');

UPDATE `ComedyDB`.`Users` SET `time` = '1360090672' WHERE `Users`.`uid` = '' ;

INSERT INTO `ComedyDB`.`Dictionary` (`english`, `russian`, `ukrainian`) VALUES ('User', 'Резидент', 'Резидент');

UPDATE `ComedyDB`.`Users` SET `time` = '1360090721' WHERE `Users`.`uid` = '' ;

INSERT INTO `ComedyDB`.`Dictionary` (`english`, `russian`, `ukrainian`) VALUES ('Last activity', 'Последняя активность', 'Остання активність');

UPDATE `ComedyDB`.`Users` SET `time` = '1360091349' WHERE `Users`.`uid` = '' ;

INSERT INTO `ComedyDB`.`Dictionary` (`english`, `russian`, `ukrainian`) VALUES ('now', 'сейчас', 'зараз');

UPDATE `ComedyDB`.`Users` SET `time` = '1360091452' WHERE `Users`.`uid` = '' ;

INSERT INTO `ComedyDB`.`Dictionary` (`english`, `russian`, `ukrainian`) VALUES ('mins ago', 'мин. назад', 'хв. тому');

UPDATE `ComedyDB`.`Users` SET `time` = '1360152695' WHERE `Users`.`uid` = '' ;

INSERT INTO `ComedyDB`.`Dictionary` (`english`, `russian`, `ukrainian`) VALUES (' came online ', ' зашёл на сайт ', ' зайшов на сайт ');

UPDATE `ComedyDB`.`Users` SET `time` = '1360152716' WHERE `Users`.`uid` = '' ;

INSERT INTO `ComedyDB`.`Dictionary` (`english`, `russian`, `ukrainian`) VALUES (' added a joke to the archive ', ' закинул шутку в архив ', ' закинув жарт в архів ');

UPDATE `ComedyDB`.`Users` SET `time` = '1360152805' WHERE `Users`.`uid` = '' ;

INSERT INTO `ComedyDB`.`Dictionary` (`english`, `russian`, `ukrainian`) VALUES (' added an idea to the archive ', ' добавил идею в архив ', ' додав ідею в архів ');

UPDATE `ComedyDB`.`Users` SET `time` = '1360152830' WHERE `Users`.`uid` = '' ;

INSERT INTO `ComedyDB`.`Dictionary` (`english`, `russian`, `ukrainian`) VALUES (' added a sketch to the archive ', ' добавил сценку в архив ', ' додав сценку в архів ');

UPDATE `ComedyDB`.`Users` SET `time` = '1360152855' WHERE `Users`.`uid` = '' ;

INSERT INTO `ComedyDB`.`Dictionary` (`english`, `russian`, `ukrainian`) VALUES (' added a dark humor to the archive ', ' добавил чёрнуху в архив ', ' додав чорнуху в архів ');

UPDATE `ComedyDB`.`Users` SET `time` = '1360152897' WHERE `Users`.`uid` = '' ;

INSERT INTO `ComedyDB`.`Dictionary` (`english`, `russian`, `ukrainian`) VALUES (' wrote a joke setup for the brainstorm ', ' задал вопрос на брейншторм ', ' задав питання на брейншторм ');

UPDATE `ComedyDB`.`Users` SET `time` = '1360152983' WHERE `Users`.`uid` = '' ;

INSERT INTO `ComedyDB`.`Dictionary` (`english`, `russian`, `ukrainian`) VALUES (' задав питання на брейншторм ', ' добил вопрос номер ', ' добив питання номер ');

UPDATE `ComedyDB`.`Users` SET `time` = '1360153016' WHERE `Users`.`uid` = '' ;

INSERT INTO `ComedyDB`.`Dictionary` (`english`, `russian`, `ukrainian`) VALUES (' registered and is awaiting the confirmation ', ' зарегестрировался и ждёт авторизации ', ' зарегестрився і чекає авторизації ');

UPDATE `ComedyDB`.`Users` SET `time` = '1360153053' WHERE `Users`.`uid` = '' ;

UPDATE `ComedyDB`.`Users` SET `time` = '1360154445' WHERE `Users`.`uid` = '' ;

INSERT INTO `ComedyDB`.`Dictionary` (`english`, `russian`, `ukrainian`) VALUES (' added a song to the archive ', ' написал песню в архив ', ' написав пісню в архів ');

UPDATE `ComedyDB`.`Users` SET `time` = '1360156816' WHERE `Users`.`uid` = '' ;

UPDATE `ComedyDB`.`Users` SET `time` = '1360158034' WHERE `Users`.`uid` = '741ebb6f' ;

UPDATE `ComedyDB`.`Users` SET `time` = '1360158674' WHERE `Users`.`uid` = '' ;

INSERT INTO `ComedyDB`.`Dictionary` (`english`, `russian`, `ukrainian`) VALUES ('added a', 'добавил', 'додав');

UPDATE `ComedyDB`.`Users` SET `time` = '1360158782' WHERE `Users`.`uid` = '' ;

INSERT INTO `ComedyDB`.`Dictionary` (`english`, `russian`, `ukrainian`) VALUES ('joke', 'шутку', 'жарт');

UPDATE `ComedyDB`.`Users` SET `time` = '1360158861' WHERE `Users`.`uid` = '' ;

INSERT INTO `ComedyDB`.`Dictionary` (`english`, `russian`, `ukrainian`) VALUES ('sketch', 'сценку', 'сценку');

UPDATE `ComedyDB`.`Users` SET `time` = '1360158888' WHERE `Users`.`uid` = '' ;

INSERT INTO `ComedyDB`.`Dictionary` (`english`, `russian`, `ukrainian`) VALUES ('song', 'песню', 'пісню');

UPDATE `ComedyDB`.`Users` SET `time` = '1360158938' WHERE `Users`.`uid` = '' ;

INSERT INTO `ComedyDB`.`Dictionary` (`english`, `russian`, `ukrainian`) VALUES ('an idea', 'идею', 'ідею');

UPDATE `ComedyDB`.`Users` SET `time` = '1360158985' WHERE `Users`.`uid` = '' ;

INSERT INTO `ComedyDB`.`Dictionary` (`english`, `russian`, `ukrainian`) VALUES ('a dark humor', 'чернуху', 'чорнуху');

UPDATE `ComedyDB`.`Users` SET `time` = '1360159077' WHERE `Users`.`uid` = '741ebb6f' ;

UPDATE `ComedyDB`.`Users` SET `time` = '1360160106' WHERE `Users`.`uid` = '741ebb6f' ;

UPDATE `ComedyDB`.`Users` SET `time` = '1360160113' WHERE `Users`.`uid` = '741ebb6f' ;

UPDATE `ComedyDB`.`Users` SET `time` = '1360160126' WHERE `Users`.`uid` = '741ebb6f' ;

INSERT INTO `ComedyDB`.`Archive` (`text`, `type`, `uid`, `mainAuthor`, `timestamp`) VALUES ('Prostaya shutka. Dobavljaju v axiv', 'joke', '741ebb6f', 'none', '2013-02-06 06:15:26');

UPDATE `ComedyDB`.`Users` SET `time` = '1360160152' WHERE `Users`.`uid` = '741ebb6f' ;

INSERT INTO `ComedyDB`.`Archive` (`text`, `type`, `uid`, `mainAuthor`, `timestamp`) VALUES ('Dobavljaju scenku v arxiov. Budet smeshno', 'sketch', '741ebb6f', 'none', '2013-02-06 06:15:52');

UPDATE `ComedyDB`.`Users` SET `time` = '1360160168' WHERE `Users`.`uid` = '741ebb6f' ;

INSERT INTO `ComedyDB`.`Archive` (`text`, `type`, `uid`, `mainAuthor`, `timestamp`) VALUES ('Ideya.<br><br>Kto-to dolzhen ejo dokrutit&#39;... nu?', 'idea', '741ebb6f', 'none', '2013-02-06 06:16:08');

UPDATE `ComedyDB`.`Users` SET `time` = '1360160201' WHERE `Users`.`uid` = '741ebb6f' ;

INSERT INTO `ComedyDB`.`Archive` (`text`, `type`, `uid`, `mainAuthor`, `timestamp`) VALUES ('Pesenka. Smeshanja. <br>Pust&#39; begut neukljuzhe&#44;<br>Pishi hody polu zham.', 'song', '741ebb6f', 'none', '2013-02-06 06:16:41');

UPDATE `ComedyDB`.`Users` SET `time` = '1360160363' WHERE `Users`.`uid` = '741ebb6f' ;

INSERT INTO `ComedyDB`.`Archive` (`text`, `type`, `uid`, `mainAuthor`, `timestamp`) VALUES ('fddfdfs fddfdf fddffds fddsf sdf', 'joke', '741ebb6f', 'none', '2013-02-06 06:19:23');

UPDATE `ComedyDB`.`Users` SET `time` = '1360160453' WHERE `Users`.`uid` = '741ebb6f' ;

INSERT INTO `ComedyDB`.`Archive` (`text`, `type`, `uid`, `mainAuthor`, `timestamp`) VALUES ('fadsf fdasf asdf fd asdf dsaf fsda sdfa s', 'joke', '741ebb6f', 'none', '2013-02-06 06:20:53');

UPDATE `ComedyDB`.`Users` SET `time` = '1360160629' WHERE `Users`.`uid` = '741ebb6f' ;

INSERT INTO `ComedyDB`.`Archive` (`text`, `type`, `uid`, `mainAuthor`, `timestamp`) VALUES ('Спасибо за ваши потуги... А может ещё по одной? :&#41;', 'joke', '741ebb6f', 'none', '2013-02-06 06:23:49');

UPDATE `ComedyDB`.`Users` SET `time` = '1360160879' WHERE `Users`.`uid` = '741ebb6f' ;

INSERT INTO `ComedyDB`.`Archive` (`text`, `type`, `uid`, `mainAuthor`, `timestamp`) VALUES ('fdsf dsf ds dfsa fsd fsd fdsa sd dsa', 'sketch', '741ebb6f', 'none', '2013-02-06 06:27:59');

INSERT INTO `ComedyDB`.`Setup` (`line`, `uid`, `timestamp`) VALUES ('gfdgfd gfd  gf gfg fg gfg dfgdf g fd', '741ebb6f', '2013-02-06 06:31:50');

INSERT INTO `ComedyDB`.`Brainstorm` (`ref_id`, `line`, `uid`, `timestamp`) VALUES ('0', 'gfdgfd gfd  gf gfg fg gfg dfgdf g fd', '741ebb6f', '2013-02-06 06:31:50');

UPDATE `ComedyDB`.`Users` SET `time` = '1360161148' WHERE `Users`.`uid` = '741ebb6f' ;

UPDATE `ComedyDB`.`Users` SET `time` = '1360161868' WHERE `Users`.`uid` = '741ebb6f' ;

INSERT INTO `ComedyDB`.`Punchline` (`sid`, `line`, `uid`, `timestamp`) VALUES ('13', 'gfd  ggf g fdfdfg gggg', '741ebb6f', '2013-02-06 06:44:28');

INSERT INTO `ComedyDB`.`Brainstorm` (`ref_id`, `line`, `uid`, `timestamp`) VALUES ('13', 'gfd  ggf g fdfdfg gggg', '741ebb6f', '2013-02-06 06:44:28');

UPDATE `ComedyDB`.`Users` SET `time` = '1360161915' WHERE `Users`.`uid` = '741ebb6f' ;

UPDATE `ComedyDB`.`Users` SET `time` = '1360161926' WHERE `Users`.`uid` = '741ebb6f' ;

INSERT INTO `ComedyDB`.`Punchline` (`sid`, `line`, `uid`, `timestamp`) VALUES ('15', 'aaas sssss dddsss aassdd', '741ebb6f', '2013-02-06 06:45:26');

INSERT INTO `ComedyDB`.`Brainstorm` (`ref_id`, `line`, `uid`, `timestamp`) VALUES ('15', 'aaas sssss dddsss aassdd', '741ebb6f', '2013-02-06 06:45:26');

UPDATE `ComedyDB`.`Users` SET `time` = '1360161989' WHERE `Users`.`uid` = '741ebb6f' ;

UPDATE `ComedyDB`.`Users` SET `time` = '1360161995' WHERE `Users`.`uid` = '741ebb6f' ;

INSERT INTO `ComedyDB`.`Punchline` (`sid`, `line`, `uid`, `timestamp`) VALUES ('20', 'asdfdf fdfddfdf ffd fdsfsdfdsf fds', '741ebb6f', '2013-02-06 06:46:35');

INSERT INTO `ComedyDB`.`Brainstorm` (`ref_id`, `line`, `uid`, `timestamp`) VALUES ('20', 'asdfdf fdfddfdf ffd fdsfsdfdsf fds', '741ebb6f', '2013-02-06 06:46:35');

UPDATE `ComedyDB`.`Users` SET `time` = '1360162135' WHERE `Users`.`uid` = '741ebb6f' ;

UPDATE `ComedyDB`.`Users` SET `time` = '1360162147' WHERE `Users`.`uid` = '741ebb6f' ;

INSERT INTO `ComedyDB`.`Punchline` (`sid`, `line`, `uid`, `timestamp`) VALUES ('13', 'fsdafsdaf fdsfafsadf dsasaf fdsasda fdsaf fdsa', '741ebb6f', '2013-02-06 06:49:07');

INSERT INTO `ComedyDB`.`Brainstorm` (`ref_id`, `line`, `uid`, `timestamp`) VALUES ('13', 'fsdafsdaf fdsfafsadf dsasaf fdsasda fdsaf fdsa', '741ebb6f', '2013-02-06 06:49:07');

UPDATE `ComedyDB`.`Users` SET `time` = '1360162184' WHERE `Users`.`uid` = '741ebb6f' ;

UPDATE `ComedyDB`.`Users` SET `time` = '1360162189' WHERE `Users`.`uid` = '741ebb6f' ;

INSERT INTO `ComedyDB`.`Punchline` (`sid`, `line`, `uid`, `timestamp`) VALUES ('11', 'fasdf das sda sda dsa asdfds adfa sdf', '741ebb6f', '2013-02-06 06:49:49');

INSERT INTO `ComedyDB`.`Brainstorm` (`ref_id`, `line`, `uid`, `timestamp`) VALUES ('11', 'fasdf das sda sda dsa asdfds adfa sdf', '741ebb6f', '2013-02-06 06:49:49');

UPDATE `ComedyDB`.`Users` SET `time` = '1360163411' WHERE `Users`.`uid` = '741ebb6f' ;

UPDATE `ComedyDB`.`Users` SET `time` = '1360163416' WHERE `Users`.`uid` = '741ebb6f' ;

INSERT INTO `ComedyDB`.`Punchline` (`sid`, `line`, `uid`, `timestamp`) VALUES ('12', 'fdasf afsd dsfa dfsa fdsa sdaf asd asd asd', '741ebb6f', '2013-02-06 07:10:16');

INSERT INTO `ComedyDB`.`Brainstorm` (`ref_id`, `line`, `uid`, `timestamp`) VALUES ('12', 'fdasf afsd dsfa dfsa fdsa sdaf asd asd asd', '741ebb6f', '2013-02-06 07:10:16');

INSERT INTO `ComedyDB`.`Users` (`uid`, `name`, `nick`, `email`, `timestamp`) VALUES ('5039be54', 'Testing1', 'T. Esting', 'pavel@aaa.aa', '2013-02-06 07:18:47');

INSERT INTO `ComedyDB`.`Security` (`uid`, `password`, `timestamp`) VALUES ('5039be54', 'cXdlcnR5', '2013-02-06 07:18:47');

INSERT INTO `ComedyDB`.`Users` (`uid`, `name`, `nick`, `email`, `timestamp`) VALUES ('f331b4d9', 'Testing1', 'T. Esting', 'pavel@aaa.aa', '2013-02-06 07:19:41');

INSERT INTO `ComedyDB`.`Security` (`uid`, `password`, `timestamp`) VALUES ('f331b4d9', 'cXdlcnR5', '2013-02-06 07:19:41');

INSERT INTO `ComedyDB`.`Users` (`uid`, `name`, `nick`, `email`, `timestamp`) VALUES ('69ee8041', 'Zhuk', 'Zhuchok', 'zhuk@zhuj.cj', '2013-02-06 07:32:45');

INSERT INTO `ComedyDB`.`Security` (`uid`, `password`, `timestamp`) VALUES ('69ee8041', 'b29vb29v', '2013-02-06 07:32:45');

INSERT INTO `ComedyDB`.`Users` (`uid`, `name`, `nick`, `email`, `timestamp`) VALUES ('3c8bb1b7', 'Kostik', 'Kostik', 'kkk@kkk.fd', '2013-02-06 07:35:15');

INSERT INTO `ComedyDB`.`Security` (`uid`, `password`, `timestamp`) VALUES ('3c8bb1b7', 'Z2dnZ2dn', '2013-02-06 07:35:15');

INSERT INTO `ComedyDB`.`Users` (`uid`, `name`, `nick`, `email`, `timestamp`) VALUES ('adf33648', 'Kostik', 'Kostik', 'kkk@kkk.fd', '2013-02-06 07:38:16');

INSERT INTO `ComedyDB`.`Security` (`uid`, `password`, `timestamp`) VALUES ('adf33648', 'Z2dnZ2dn', '2013-02-06 07:38:16');

INSERT INTO `ComedyDB`.`Users` (`uid`, `name`, `nick`, `email`, `timestamp`) VALUES ('35d1a370', 'Kostik', 'Kostik', 'kkk@kkk.fd', '2013-02-06 07:39:48');

INSERT INTO `ComedyDB`.`Security` (`uid`, `password`, `timestamp`) VALUES ('35d1a370', 'Z2dnZ2dn', '2013-02-06 07:39:48');

INSERT INTO `ComedyDB`.`Users` (`uid`, `name`, `nick`, `email`, `timestamp`) VALUES ('2559a99c', 'Snake', 'Snake', 'snake@snake.ru', '2013-02-06 07:41:57');

INSERT INTO `ComedyDB`.`Security` (`uid`, `password`, `timestamp`) VALUES ('2559a99c', 'ZmZmZmZm', '2013-02-06 07:41:57');

UPDATE `ComedyDB`.`Users` SET `time` = '1360165712' WHERE `Users`.`uid` = '' ;

UPDATE `ComedyDB`.Users SET `Users`.`privileges`='author' WHERE `Users`.`uid`='2559a99c';

UPDATE `ComedyDB`.Users SET `Users`.`privileges`='admin' WHERE `Users`.`uid`='35d1a370';

UPDATE `ComedyDB`.`Users` SET `time` = '1360166332' WHERE `Users`.`uid` = '' ;

UPDATE `ComedyDB`.`Users` SET `time` = '1360166447' WHERE `Users`.`uid` = '' ;

INSERT INTO `ComedyDB`.`Dictionary` (`english`, `russian`, `ukrainian`) VALUES ('s registration has been confirmed by', 'авторизован. Регистрацию поттвердил', 'авторизован. Реєстрацію підтвердив');

UPDATE `ComedyDB`.Users SET `Users`.`privileges`='admin' WHERE `Users`.`uid`='92d2b917';

UPDATE `ComedyDB`.`Users` SET `time` = '1360167553' WHERE `Users`.`uid` = '741ebb6f' ;

UPDATE `ComedyDB`.`Users` SET `time` = '1360167559' WHERE `Users`.`uid` = '741ebb6f' ;

UPDATE `ComedyDB`.`Users` SET `time` = '1360167564' WHERE `Users`.`uid` = '741ebb6f' ;

INSERT INTO `ComedyDB`.`Archive` (`text`, `type`, `uid`, `mainAuthor`, `timestamp`) VALUES ('fdfds fsd fsd sdf sdf sdfsdfsdfdf dsf sdf sd sd sd', 'joke', '741ebb6f', 'none', '2013-02-06 08:19:24');

UPDATE `ComedyDB`.`Users` SET `time` = '1360167958' WHERE `Users`.`uid` = '741ebb6f' ;

UPDATE `ComedyDB`.`Users` SET `time` = '1360167968' WHERE `Users`.`uid` = '741ebb6f' ;

INSERT INTO `ComedyDB`.`Archive` (`text`, `type`, `uid`, `mainAuthor`, `timestamp`) VALUES ('fdsf fda fd asdf dssd fsd dfdsf sdf dsa fsdf fdasf fds', 'joke', '741ebb6f', 'none', '2013-02-06 08:26:08');

UPDATE `ComedyDB`.`Users` SET `time` = '1360171658' WHERE `Users`.`uid` = '' ;

INSERT INTO `ComedyDB`.`Dictionary` (`english`, `russian`, `ukrainian`) VALUES ('Day/Time', 'День/Время', 'День/Час');

UPDATE `ComedyDB`.`Users` SET `time` = '1360171782' WHERE `Users`.`uid` = '' ;

INSERT INTO `ComedyDB`.`Dictionary` (`english`, `russian`, `ukrainian`) VALUES ('Day log', 'Учётная запись', 'Вахтовий журнал');

UPDATE `ComedyDB`.`Users` SET `time` = '1360173557' WHERE `Users`.`uid` = '741ebb6f' ;

UPDATE `ComedyDB`.`Users` SET `time` = '1360173568' WHERE `Users`.`uid` = '741ebb6f' ;

INSERT INTO `ComedyDB`.`Punchline` (`sid`, `line`, `uid`, `timestamp`) VALUES ('23', 'eto proverka. C&#39;mon!', '741ebb6f', '2013-02-06 09:59:28');

INSERT INTO `ComedyDB`.`Brainstorm` (`ref_id`, `line`, `uid`, `timestamp`) VALUES ('23', 'eto proverka. C&#39;mon!', '741ebb6f', '2013-02-06 09:59:28');

INSERT INTO `ComedyDB`.`Brainstorm` (`sid`, `pid`, `line`, `uid`, `timestamp`) VALUES ('1', '0', 'Сан Хозе Шаркс недавно преобрел игрока из Кении', '741ebb6f', '2013-01-29 17:26:34');

INSERT INTO `ComedyDB`.`Brainstorm` (`sid`, `pid`, `line`, `uid`, `timestamp`) VALUES ('0', '1', 'Через 4 года он стал президентом США', 'cd2b478a', '2013-01-31 00:55:10');

INSERT INTO `ComedyDB`.`Brainstorm` (`sid`, `pid`, `line`, `uid`, `timestamp`) VALUES ('0', '1', 'Теперь вновь есть кому играть маскота Шарки!', '50c3aea9', '2013-01-31 11:28:50');

INSERT INTO `ComedyDB`.`Brainstorm` (`sid`, `pid`, `line`, `uid`, `timestamp`) VALUES ('0', '1', 'на вопрос зачем тренер ответил &#34;А его хорошо на льду видно&#34;', 'fb89e99d', '2013-01-31 13:28:54');

INSERT INTO `ComedyDB`.`Brainstorm` (`sid`, `pid`, `line`, `uid`, `timestamp`) VALUES ('0', '1', 'вот он их по-имел', '1d7e9d1f', '2013-01-31 17:48:58');

INSERT INTO `ComedyDB`.`Brainstorm` (`sid`, `pid`, `line`, `uid`, `timestamp`) VALUES ('0', '1', 'Его запускают на лёд в критические моменты. Соперники беспомощны&#44; когда их разбирает истерический смех.', 'e77dd17c', '2013-02-01 00:44:09');

INSERT INTO `ComedyDB`.`Brainstorm` (`sid`, `pid`, `line`, `uid`, `timestamp`) VALUES ('0', '1', 'и оптустил на волю... ', '741ebb6f', '2013-02-04 22:47:01');

INSERT INTO `ComedyDB`.`Brainstorm` (`sid`, `pid`, `line`, `uid`, `timestamp`) VALUES ('2', '0', 'Работники БАРТа провели очередную забастовку', '741ebb6f', '2013-01-29 17:42:37');

INSERT INTO `ComedyDB`.`Brainstorm` (`sid`, `pid`, `line`, `uid`, `timestamp`) VALUES ('0', '2', 'Но не смогли доехать до места сбора&#44; из-за того&#44; что не работал БАРТ&#44; чьи работники собрались на забастовку.', '50c3aea9', '2013-01-31 01:12:51');

INSERT INTO `ComedyDB`.`Brainstorm` (`sid`, `pid`, `line`, `uid`, `timestamp`) VALUES ('0', '2', 'как всегда: быстро&#44; дёшево и по расписанию', '1d7e9d1f', '2013-01-31 15:44:55');

INSERT INTO `ComedyDB`.`Brainstorm` (`sid`, `pid`, `line`, `uid`, `timestamp`) VALUES ('0', '2', 'Правда некоторые работники барта не смогли добраться до места забастовки из-за забастовки работников барта', 'fb89e99d', '2013-02-04 19:34:40');

INSERT INTO `ComedyDB`.`Brainstorm` (`sid`, `pid`, `line`, `uid`, `timestamp`) VALUES ('3', '0', 'В Сан-франциско прошел турнир по игре в городки', '741ebb6f', '2013-01-29 17:48:31');

INSERT INTO `ComedyDB`.`Brainstorm` (`sid`, `pid`, `line`, `uid`, `timestamp`) VALUES ('0', '3', 'Особенно понраилась игра на Кастро... Они там любят кидать палки!', '50c3aea9', '2013-01-31 16:43:22');

INSERT INTO `ComedyDB`.`Brainstorm` (`sid`, `pid`, `line`, `uid`, `timestamp`) VALUES ('0', '3', 'турнир?! громко сказано&#44; так пару палками перепихнулись', '1d7e9d1f', '2013-01-31 18:24:57');

INSERT INTO `ComedyDB`.`Brainstorm` (`sid`, `pid`, `line`, `uid`, `timestamp`) VALUES ('0', '3', 'Городки типа Конкорд&#44; Мартинес и тп проиграли', 'fb89e99d', '2013-01-31 22:15:40');

INSERT INTO `ComedyDB`.`Brainstorm` (`sid`, `pid`, `line`, `uid`, `timestamp`) VALUES ('0', '3', 'да&#44; давно уже прошёл&#44; а попа до сих пор болит&#44; у многих', '1d7e9d1f', '2013-02-04 12:45:42');

INSERT INTO `ComedyDB`.`Brainstorm` (`sid`, `pid`, `line`, `uid`, `timestamp`) VALUES ('0', '3', 'Желающих кинуть пару палок нашлось не мало.', '741ebb6f', '2013-02-04 23:07:44');

INSERT INTO `ComedyDB`.`Brainstorm` (`sid`, `pid`, `line`, `uid`, `timestamp`) VALUES ('4', '0', 'Сборная России по футболу проведёт предсезонный сбор под Сызранью', '741ebb6f', '2013-01-29 18:18:53');

INSERT INTO `ComedyDB`.`Brainstorm` (`sid`, `pid`, `line`, `uid`, `timestamp`) VALUES ('0', '4', '- \&#34;а что? Там есть поля?\&#34; - \&#34;есть&#44; но них уже растёт что-то другое', '8bd87de5', '2013-01-31 08:19:37');

INSERT INTO `ComedyDB`.`Brainstorm` (`sid`, `pid`, `line`, `uid`, `timestamp`) VALUES ('0', '4', 'Капелло просто хотел посмотреть&#44; где родились игроки сборной России', '8bd87de5', '2013-01-31 09:02:12');

INSERT INTO `ComedyDB`.`Brainstorm` (`sid`, `pid`, `line`, `uid`, `timestamp`) VALUES ('0', '4', 'Никогда ещё качество игры команды небыло так созвучно с местом сбора.', '50c3aea9', '2013-01-31 14:50:35');

INSERT INTO `ComedyDB`.`Brainstorm` (`sid`, `pid`, `line`, `uid`, `timestamp`) VALUES ('0', '4', 'вы хотели сказать - предпозорный...', '1d7e9d1f', '2013-01-31 15:37:04');

INSERT INTO `ComedyDB`.`Brainstorm` (`sid`, `pid`, `line`, `uid`, `timestamp`) VALUES ('0', '4', 'Чтобы начать сезон с ранья', 'e77dd17c', '2013-02-01 00:46:22');

INSERT INTO `ComedyDB`.`Brainstorm` (`sid`, `pid`, `line`, `uid`, `timestamp`) VALUES ('0', '4', 'Какая команда&#44; такой и курорт', 'fb89e99d', '2013-02-04 19:29:23');

INSERT INTO `ComedyDB`.`Brainstorm` (`sid`, `pid`, `line`, `uid`, `timestamp`) VALUES ('0', '4', 'это еще что_&#44; вон Украина вообще в Крыжополе тренеруется', '741ebb6f', '2013-02-04 23:04:08');

INSERT INTO `ComedyDB`.`Brainstorm` (`sid`, `pid`, `line`, `uid`, `timestamp`) VALUES ('5', '0', 'Компания Apple собирается судиться с минским заводом Электроприбор', '741ebb6f', '2013-01-29 18:21:12');

INSERT INTO `ComedyDB`.`Brainstorm` (`sid`, `pid`, `line`, `uid`, `timestamp`) VALUES ('0', '5', '... подумаешь им наше предложение не понравилось переименовать &#34;Apple&#34; в &#34;Картофан&#34;', '1d7e9d1f', '2013-01-31 18:56:56');

INSERT INTO `ComedyDB`.`Brainstorm` (`sid`, `pid`, `line`, `uid`, `timestamp`) VALUES ('0', '5', 'за то что их кирпичи очень похожи на айфон 5... как по внешнему признаку_&#44; так и по фунциональности.', '741ebb6f', '2013-02-04 22:55:45');

INSERT INTO `ComedyDB`.`Brainstorm` (`sid`, `pid`, `line`, `uid`, `timestamp`) VALUES ('6', '0', 'Вчера вечером в окресностях Twin-Peaks был замечен Йетти', '741ebb6f', '2013-01-29 18:23:29');

INSERT INTO `ComedyDB`.`Brainstorm` (`sid`, `pid`, `line`, `uid`, `timestamp`) VALUES ('0', '6', 'та ну йеть твою мать...', '8bd87de5', '2013-01-31 10:52:15');

INSERT INTO `ComedyDB`.`Brainstorm` (`sid`, `pid`, `line`, `uid`, `timestamp`) VALUES ('0', '6', 'Йетти всю ночь пили водку и громко ругались матом; а под утро ещё и набили морду тйем!', '50c3aea9', '2013-01-31 13:37:11');

INSERT INTO `ComedyDB`.`Brainstorm` (`sid`, `pid`, `line`, `uid`, `timestamp`) VALUES ('0', '6', 'а уже сегодня утром&#44; он был на Маркет Стрит и вонял точно так же', '1d7e9d1f', '2013-01-31 19:01:20');

INSERT INTO `ComedyDB`.`Brainstorm` (`sid`, `pid`, `line`, `uid`, `timestamp`) VALUES ('0', '6', 'Раньше эти йетти дальше Кастро не совались', 'fb89e99d', '2013-02-04 19:32:54');

INSERT INTO `ComedyDB`.`Brainstorm` (`sid`, `pid`, `line`, `uid`, `timestamp`) VALUES ('7', '0', 'Очередной лав-парад было решено перенести в Окленд', '741ebb6f', '2013-01-29 18:24:07');

INSERT INTO `ComedyDB`.`Brainstorm` (`sid`, `pid`, `line`, `uid`, `timestamp`) VALUES ('0', '7', 'Так как со злом нужно бороться только любовью!', '50c3aea9', '2013-01-31 13:38:00');

INSERT INTO `ComedyDB`.`Brainstorm` (`sid`, `pid`, `line`, `uid`, `timestamp`) VALUES ('0', '7', 'и под конец&#44; он всё равно превратился в трах-парад', '1d7e9d1f', '2013-01-31 18:53:50');

INSERT INTO `ComedyDB`.`Brainstorm` (`sid`, `pid`, `line`, `uid`, `timestamp`) VALUES ('0', '7', 'Это называется love-hate relationship', 'e77dd17c', '2013-02-01 00:47:59');

INSERT INTO `ComedyDB`.`Brainstorm` (`sid`, `pid`, `line`, `uid`, `timestamp`) VALUES ('8', '0', 'Недавно в Сан-франциско прошла акция в потдержку панк-группы Pussy-Riot', '741ebb6f', '2013-01-29 18:25:50');

INSERT INTO `ComedyDB`.`Brainstorm` (`sid`, `pid`, `line`, `uid`, `timestamp`) VALUES ('0', '8', 'Но потом оказлось_&#44; что это просто бомжи с Тендерлойна ограбили лыжный магазин.', '50c3aea9', '2013-01-31 01:09:06');

INSERT INTO `ComedyDB`.`Brainstorm` (`sid`, `pid`, `line`, `uid`, `timestamp`) VALUES ('0', '8', '&#40;по мотивам блох в свитере&#41; - Бабулька спрашивает юношу с плакатом: &#34; Сынок&#44; за шо бастуют?&#34;. Юноша: &#34;За Пусси Райот&#44; бабушка&#34;. Бабулька: &#34;Да Пусть Стирают&#44; осподя...&#34;', 'fb89e99d', '2013-01-31 13:34:56');

INSERT INTO `ComedyDB`.`Brainstorm` (`sid`, `pid`, `line`, `uid`, `timestamp`) VALUES ('0', '8', 'мне понравилось&#44; всем понравилось&#44; Pussy-Riot&#44; блин раз в году', '1d7e9d1f', '2013-01-31 19:02:54');

INSERT INTO `ComedyDB`.`Brainstorm` (`sid`, `pid`, `line`, `uid`, `timestamp`) VALUES ('0', '8', 'This turned into a plain wild riot of pussies', 'e77dd17c', '2013-02-01 00:49:15');

INSERT INTO `ComedyDB`.`Brainstorm` (`sid`, `pid`, `line`, `uid`, `timestamp`) VALUES ('0', '8', 'О Боже_&#44; в сан франциско письки взбунтавались!!! Спасайся!!!', '741ebb6f', '2013-02-04 22:58:00');

INSERT INTO `ComedyDB`.`Brainstorm` (`sid`, `pid`, `line`, `uid`, `timestamp`) VALUES ('9', '0', 'Тридцать лет и три года лежал Илья Муромец на печи', '741ebb6f', '2013-01-29 18:29:58');

INSERT INTO `ComedyDB`.`Brainstorm` (`sid`, `pid`, `line`, `uid`, `timestamp`) VALUES ('0', '9', 'Теперь Илюша - well done', '741ebb6f', '2013-01-30 07:05:04');

INSERT INTO `ComedyDB`.`Brainstorm` (`sid`, `pid`, `line`, `uid`, `timestamp`) VALUES ('0', '9', 'теперь это печь называется Мавзолей', '8bd87de5', '2013-01-31 10:46:45');

INSERT INTO `ComedyDB`.`Brainstorm` (`sid`, `pid`, `line`, `uid`, `timestamp`) VALUES ('0', '9', 'и ни разу не трахнул', '1d7e9d1f', '2013-01-31 15:41:21');

INSERT INTO `ComedyDB`.`Brainstorm` (`sid`, `pid`, `line`, `uid`, `timestamp`) VALUES ('0', '9', 'В бочках рядом скопилось сотни литров Илюши мочИ!', '50c3aea9', '2013-01-31 16:30:10');

INSERT INTO `ComedyDB`.`Brainstorm` (`sid`, `pid`, `line`, `uid`, `timestamp`) VALUES ('0', '9', 'Хотя&#44; местами стоял', 'e77dd17c', '2013-02-01 00:50:27');

INSERT INTO `ComedyDB`.`Brainstorm` (`sid`, `pid`, `line`, `uid`, `timestamp`) VALUES ('0', '9', 'пока моргэдж не выплатил', 'fb89e99d', '2013-02-04 19:31:10');

INSERT INTO `ComedyDB`.`Brainstorm` (`sid`, `pid`, `line`, `uid`, `timestamp`) VALUES ('10', '0', 'В детстве Леша переболел коклюшем', '741ebb6f', '2013-01-29 18:30:48');

INSERT INTO `ComedyDB`.`Brainstorm` (`sid`, `pid`, `line`, `uid`, `timestamp`) VALUES ('0', '10', 'но затем когда он подрос&#44; коклюш переболел Лёшей', '8bd87de5', '2013-01-31 12:35:16');

INSERT INTO `ComedyDB`.`Brainstorm` (`sid`, `pid`, `line`, `uid`, `timestamp`) VALUES ('0', '10', 'а потом коклюш переболел Лешей', 'fb89e99d', '2013-01-31 13:31:27');

INSERT INTO `ComedyDB`.`Brainstorm` (`sid`, `pid`, `line`, `uid`, `timestamp`) VALUES ('0', '10', 'а в старости от него же и умер', '1d7e9d1f', '2013-01-31 15:40:28');

INSERT INTO `ComedyDB`.`Brainstorm` (`sid`, `pid`, `line`, `uid`, `timestamp`) VALUES ('0', '10', 'У Леши всего-то воспоминаний о детстве... Коклюш и как Черненко хоронили', '741ebb6f', '2013-02-04 22:52:00');

INSERT INTO `ComedyDB`.`Brainstorm` (`sid`, `pid`, `line`, `uid`, `timestamp`) VALUES ('11', '0', 'Тук-тук. Кто там? INS. INS кто?', '741ebb6f', '2013-01-30 04:38:40');

INSERT INTO `ComedyDB`.`Brainstorm` (`sid`, `pid`, `line`, `uid`, `timestamp`) VALUES ('0', '11', 'INS я соли одолжить', 'fb89e99d', '2013-01-31 13:01:18');

INSERT INTO `ComedyDB`.`Brainstorm` (`sid`, `pid`, `line`, `uid`, `timestamp`) VALUES ('0', '11', 'INS с вещами на выход... из страны!', '50c3aea9', '2013-01-31 16:20:53');

INSERT INTO `ComedyDB`.`Brainstorm` (`sid`, `pid`, `line`, `uid`, `timestamp`) VALUES ('0', '11', 'INS-рать!!!', '1d7e9d1f', '2013-01-31 17:50:24');

INSERT INTO `ComedyDB`.`Brainstorm` (`sid`, `pid`, `line`, `uid`, `timestamp`) VALUES ('0', '11', 'Кто-кто - налоги в пальто!', 'e77dd17c', '2013-02-01 00:35:28');

INSERT INTO `ComedyDB`.`Brainstorm` (`sid`, `pid`, `line`, `uid`, `timestamp`) VALUES ('0', '11', 'Да никто! Это я почтальон Печкин&#44; решил поиздеваться над вашим мальчиком', '8bd87de5', '2013-02-02 15:06:02');

INSERT INTO `ComedyDB`.`Brainstorm` (`sid`, `pid`, `line`, `uid`, `timestamp`) VALUES ('0', '11', 'Ishvahtanra Namaturit Samishitur. Пришёл вас депортпровать.', '741ebb6f', '2013-02-05 21:05:53');

INSERT INTO `ComedyDB`.`Brainstorm` (`sid`, `pid`, `line`, `uid`, `timestamp`) VALUES ('12', '0', 'В детстве я занимался в кружке моделирования', '741ebb6f', '2013-01-30 04:44:39');

INSERT INTO `ComedyDB`.`Brainstorm` (`sid`, `pid`, `line`, `uid`, `timestamp`) VALUES ('0', '12', 'Я моделировал кружкИ на моделях кружек&#44; в кружке моделирования.', '50c3aea9', '2013-01-31 17:12:47');

INSERT INTO `ComedyDB`.`Brainstorm` (`sid`, `pid`, `line`, `uid`, `timestamp`) VALUES ('0', '12', 'Начало мемуаров: Моисеева&#44; Пенкина и Зверева - идентичны!', '1d7e9d1f', '2013-01-31 17:53:35');

INSERT INTO `ComedyDB`.`Brainstorm` (`sid`, `pid`, `line`, `uid`, `timestamp`) VALUES ('0', '12', 'самолетики клеил? - нет&#44; жопой вертел', 'fb89e99d', '2013-02-01 14:35:00');

INSERT INTO `ComedyDB`.`Brainstorm` (`sid`, `pid`, `line`, `uid`, `timestamp`) VALUES ('0', '12', 'Я моделировал кружок&#44; а получался квадратик.', '741ebb6f', '2013-02-05 21:08:14');

INSERT INTO `ComedyDB`.`Brainstorm` (`sid`, `pid`, `line`, `uid`, `timestamp`) VALUES ('0', '12', 'Мама говорила&#44; что если буду себя хорошо вести&#44; то буду заниматься не в кружке&#44; а стакане моделирования', '741ebb6f', '2013-02-06 02:29:25');

INSERT INTO `ComedyDB`.`Brainstorm` (`sid`, `pid`, `line`, `uid`, `timestamp`) VALUES ('13', '0', 'Поговаривают, что плата за проезд чеоез Golden Gate Bridge поднимится до 20 долларов', '741ebb6f', '2013-01-30 04:49:31');

INSERT INTO `ComedyDB`.`Brainstorm` (`sid`, `pid`, `line`, `uid`, `timestamp`) VALUES ('0', '13', 'к тому времени как она поднимется&#44; Голден Гейт будут называть Rustik Gate', '8bd87de5', '2013-01-31 09:42:52');

INSERT INTO `ComedyDB`.`Brainstorm` (`sid`, `pid`, `line`, `uid`, `timestamp`) VALUES ('0', '13', 'и их нужно будет засовывать в стринги тол-работника', 'fb89e99d', '2013-01-31 13:16:53');

INSERT INTO `ComedyDB`.`Brainstorm` (`sid`, `pid`, `line`, `uid`, `timestamp`) VALUES ('0', '13', 'Нет&#44; лучше пусть они меня опускают&#44; при проезде!', '1d7e9d1f', '2013-01-31 17:54:51');

INSERT INTO `ComedyDB`.`Brainstorm` (`sid`, `pid`, `line`, `uid`, `timestamp`) VALUES ('0', '13', 'Ну надо же название&#44; наконец&#44; как-то оправдать!', 'e77dd17c', '2013-02-01 00:37:17');

INSERT INTO `ComedyDB`.`Brainstorm` (`sid`, `pid`, `line`, `uid`, `timestamp`) VALUES ('0', '13', 'а прыжки с него до &#36;40', '8bd87de5', '2013-02-02 15:16:25');

INSERT INTO `ComedyDB`.`Brainstorm` (`sid`, `pid`, `line`, `uid`, `timestamp`) VALUES ('14', '0', 'В Apple app store появилось дополнение для алкоголиков', '741ebb6f', '2013-01-30 05:06:32');

INSERT INTO `ComedyDB`.`Brainstorm` (`sid`, `pid`, `line`, `uid`, `timestamp`) VALUES ('0', '14', 'Это значительно упростило поиски третьего', 'fb89e99d', '2013-01-31 06:39:16');

INSERT INTO `ComedyDB`.`Brainstorm` (`sid`, `pid`, `line`, `uid`, `timestamp`) VALUES ('0', '14', 'а так же прилагаются такие оптции как: дзинь&#44; бульк&#44; ик&#44; вертолётики и крики на эээээкзииииит в 5Д!', '1d7e9d1f', '2013-01-31 18:31:58');

INSERT INTO `ComedyDB`.`Brainstorm` (`sid`, `pid`, `line`, `uid`, `timestamp`) VALUES ('0', '14', 'На самом деле это обычная Apple карта в 3D. Просто алкоголики - единственные кто может по ним найти путь без ошибок.', '50c3aea9', '2013-02-01 14:56:51');

INSERT INTO `ComedyDB`.`Brainstorm` (`sid`, `pid`, `line`, `uid`, `timestamp`) VALUES ('0', '14', 'Но сколько аппликацию не качай&#44; всё равно два раза качать придётся.', '741ebb6f', '2013-02-06 02:22:55');

INSERT INTO `ComedyDB`.`Brainstorm` (`sid`, `pid`, `line`, `uid`, `timestamp`) VALUES ('15', '0', ' В Вест-Окленде, археологи сделали сенсационное открытие! ', '741ebb6f', '2013-01-30 06:31:50');

INSERT INTO `ComedyDB`.`Brainstorm` (`sid`, `pid`, `line`, `uid`, `timestamp`) VALUES ('0', '15', 'Но потом выяснилось&#44; что останки найденых неандертальцев&#44; были &#34;обарзевшие беспредельщики&#34; из Ист Окленда.', '50c3aea9', '2013-01-31 01:54:03');

INSERT INTO `ComedyDB`.`Brainstorm` (`sid`, `pid`, `line`, `uid`, `timestamp`) VALUES ('0', '15', 'оказывается это обезьяны произошли от жителей Вест Окланда', 'fb89e99d', '2013-01-31 13:04:23');

INSERT INTO `ComedyDB`.`Brainstorm` (`sid`, `pid`, `line`, `uid`, `timestamp`) VALUES ('0', '15', 'оказывается это ист-оклендские обезьяны произошли от уест-оклендских&#44; а не наоборот', '1d7e9d1f', '2013-01-31 18:13:48');

INSERT INTO `ComedyDB`.`Brainstorm` (`sid`, `pid`, `line`, `uid`, `timestamp`) VALUES ('0', '15', 'Гугле пустил корни', '8bd87de5', '2013-01-31 23:08:11');

INSERT INTO `ComedyDB`.`Brainstorm` (`sid`, `pid`, `line`, `uid`, `timestamp`) VALUES ('0', '15', 'Под мостом они обнаружили стоянку чёрного человека', '741ebb6f', '2013-02-06 02:38:42');

INSERT INTO `ComedyDB`.`Brainstorm` (`sid`, `pid`, `line`, `uid`, `timestamp`) VALUES ('16', '0', 'Скандалом завершился чемпионат Эстонии по быстрым шахматам', '741ebb6f', '2013-01-30 06:32:26');

INSERT INTO `ComedyDB`.`Brainstorm` (`sid`, `pid`, `line`, `uid`, `timestamp`) VALUES ('0', '16', 'Скандалом это громко сказано. Он завершился так быстро&#44; что никто даже не успел ничего сказать', '8bd87de5', '2013-01-31 10:45:47');

INSERT INTO `ComedyDB`.`Brainstorm` (`sid`, `pid`, `line`, `uid`, `timestamp`) VALUES ('0', '16', 'Фигуры и пешки не выдержали и пошли сами!', '1d7e9d1f', '2013-01-31 17:57:19');

INSERT INTO `ComedyDB`.`Brainstorm` (`sid`, `pid`, `line`, `uid`, `timestamp`) VALUES ('0', '16', 'попоравочка: медленным скандалом завершился чемпионат Эстонии по быстрым шахматам', 'fb89e99d', '2013-02-01 14:35:44');

INSERT INTO `ComedyDB`.`Brainstorm` (`sid`, `pid`, `line`, `uid`, `timestamp`) VALUES ('0', '16', 'Все игры закончились одинаково - ничьёй&#44; из-за истечения времени.', '50c3aea9', '2013-02-05 13:57:01');

INSERT INTO `ComedyDB`.`Brainstorm` (`sid`, `pid`, `line`, `uid`, `timestamp`) VALUES ('0', '16', 'Это первый чемпионат который всё таки завершился', '741ebb6f', '2013-02-06 02:25:53');

INSERT INTO `ComedyDB`.`Brainstorm` (`sid`, `pid`, `line`, `uid`, `timestamp`) VALUES ('17', '0', 'Ист Пало Алто стал городом побратимом Сыктывкара', '741ebb6f', '2013-01-30 06:32:40');

INSERT INTO `ComedyDB`.`Brainstorm` (`sid`, `pid`, `line`, `uid`, `timestamp`) VALUES ('0', '17', 'теперь и там и там есть магазин IKEA', '8bd87de5', '2013-01-31 09:43:37');

INSERT INTO `ComedyDB`.`Brainstorm` (`sid`, `pid`, `line`, `uid`, `timestamp`) VALUES ('0', '17', 'и в честь этого город был переименован в Ист Гопо Алто', 'fb89e99d', '2013-01-31 13:05:42');

INSERT INTO `ComedyDB`.`Brainstorm` (`sid`, `pid`, `line`, `uid`, `timestamp`) VALUES ('0', '17', 'гусь свинье не товарищ&#44; а брат', '1d7e9d1f', '2013-01-31 18:33:50');

INSERT INTO `ComedyDB`.`Brainstorm` (`sid`, `pid`, `line`, `uid`, `timestamp`) VALUES ('0', '17', 'Ненадолго&#44; потому что выговорить это никому не удалось.', 'e77dd17c', '2013-02-01 00:40:24');

INSERT INTO `ComedyDB`.`Brainstorm` (`sid`, `pid`, `line`, `uid`, `timestamp`) VALUES ('0', '17', 'только правмльно говорить не городом-побратимом&#44; а городом-корефаном', '741ebb6f', '2013-02-06 02:19:31');

INSERT INTO `ComedyDB`.`Brainstorm` (`sid`, `pid`, `line`, `uid`, `timestamp`) VALUES ('18', '0', 'Сомалийские пираты захватили баржу со слабительным (касторкой, пургеном, и т.д.)', '741ebb6f', '2013-01-30 06:32:49');

INSERT INTO `ComedyDB`.`Brainstorm` (`sid`, `pid`, `line`, `uid`, `timestamp`) VALUES ('0', '18', 'и как выяснелось позднее&#44; нефть&#44; разлившаяся в Атлантическом океане&#44; оказалась вовсе не нефтью', '8bd87de5', '2013-01-31 09:37:05');

INSERT INTO `ComedyDB`.`Brainstorm` (`sid`, `pid`, `line`, `uid`, `timestamp`) VALUES ('0', '18', 'теперь охотяться за баржей с туалетной бумагой', 'fb89e99d', '2013-01-31 12:56:01');

INSERT INTO `ComedyDB`.`Brainstorm` (`sid`, `pid`, `line`, `uid`, `timestamp`) VALUES ('0', '18', 'Но через несколько часов неожиданно сами стали заложниками того судна.', '50c3aea9', '2013-01-31 17:17:18');

INSERT INTO `ComedyDB`.`Brainstorm` (`sid`, `pid`, `line`, `uid`, `timestamp`) VALUES ('0', '18', 'и теперь готовы вернуть судно обратно заплатив сверху за укрепляющее&#44; любой ценой', '1d7e9d1f', '2013-01-31 18:17:38');

INSERT INTO `ComedyDB`.`Brainstorm` (`sid`, `pid`, `line`, `uid`, `timestamp`) VALUES ('0', '18', 'Жалко владельца баржи - такой груз просрали.', '741ebb6f', '2013-02-06 02:34:36');

INSERT INTO `ComedyDB`.`Brainstorm` (`sid`, `pid`, `line`, `uid`, `timestamp`) VALUES ('19', '0', 'Кения приступила к выпуску самого экономичного автомобиля', '741ebb6f', '2013-01-30 06:33:04');

INSERT INTO `ComedyDB`.`Brainstorm` (`sid`, `pid`, `line`, `uid`, `timestamp`) VALUES ('0', '19', '&#34;Задница - V1.2&#34;. Она может лекго меняться на оригинальную задницу и когда ходишь с ней&#44; пукаешь на 70% меньше', '8bd87de5', '2013-01-31 09:59:52');

INSERT INTO `ComedyDB`.`Brainstorm` (`sid`, `pid`, `line`, `uid`, `timestamp`) VALUES ('0', '19', 'и правильно&#44; страусы и гепарды&#44; стали слишком много жрать', '1d7e9d1f', '2013-01-31 18:10:25');

INSERT INTO `ComedyDB`.`Brainstorm` (`sid`, `pid`, `line`, `uid`, `timestamp`) VALUES ('0', '19', 'но забастовка ослов всё застопорила', 'e77dd17c', '2013-02-01 00:41:39');

INSERT INTO `ComedyDB`.`Brainstorm` (`sid`, `pid`, `line`, `uid`, `timestamp`) VALUES ('0', '19', 'Его главное кормить 2-3 раза в день&#44; и раз в год новые кроссовки покупать.', '50c3aea9', '2013-02-03 20:07:36');

INSERT INTO `ComedyDB`.`Brainstorm` (`sid`, `pid`, `line`, `uid`, `timestamp`) VALUES ('0', '19', 'ИЗ недостатков этого автомобиля: ездит медленнее&#44; чем кенийцы бегают', 'fb89e99d', '2013-02-04 19:19:44');

INSERT INTO `ComedyDB`.`Brainstorm` (`sid`, `pid`, `line`, `uid`, `timestamp`) VALUES ('20', '0', 'Элтон Джон отказался выступать на фестивале экстримальной музыки', '741ebb6f', '2013-01-30 06:33:13');

INSERT INTO `ComedyDB`.`Brainstorm` (`sid`, `pid`, `line`, `uid`, `timestamp`) VALUES ('0', '20', 'ему нравится когда его наказывают', '1d7e9d1f', '2013-01-31 17:59:05');

INSERT INTO `ComedyDB`.`Brainstorm` (`sid`, `pid`, `line`, `uid`, `timestamp`) VALUES ('0', '20', '&#40;в чернуху&#41; после того как узнал&#44; что экстремалы - это пионеры рока&#44; а не пидоры рока', 'fb89e99d', '2013-02-01 14:48:26');

INSERT INTO `ComedyDB`.`Brainstorm` (`sid`, `pid`, `line`, `uid`, `timestamp`) VALUES ('21', '0', ' На аукцион Сотби была выставленна ранее неизвестная картина Пикасо', '741ebb6f', '2013-01-30 06:33:22');

INSERT INTO `ComedyDB`.`Brainstorm` (`sid`, `pid`, `line`, `uid`, `timestamp`) VALUES ('0', '21', '&#34;Маршрутка&#34;.  По сравнению с ней картина Пикасо &#34;Ухо на жопе&#34; вообще не впечатляет.  ', 'fb89e99d', '2013-01-31 06:30:46');

INSERT INTO `ComedyDB`.`Brainstorm` (`sid`, `pid`, `line`, `uid`, `timestamp`) VALUES ('0', '21', '&#34;А за конец света ответишь!&#34;. На ней изображён Обама&#44; стоящий на скале&#44; держа в одной руке голову вождя племени Майя&#44; в другой - голову Нострадамуса&#44; а под ногами валялся зарезанный осьминог Пауль', '8bd87de5', '2013-01-31 09:14:26');

INSERT INTO `ComedyDB`.`Brainstorm` (`sid`, `pid`, `line`, `uid`, `timestamp`) VALUES ('0', '21', 'клуб эпилептиков на Эмбаркадеро', '1d7e9d1f', '2013-01-31 18:37:02');

INSERT INTO `ComedyDB`.`Brainstorm` (`sid`, `pid`, `line`, `uid`, `timestamp`) VALUES ('0', '21', ' ночной клуб эпилептиков на Эмбаркадеро - комната с белым потолком&#44; с видом на причал', '1d7e9d1f', '2013-01-31 18:40:09');

INSERT INTO `ComedyDB`.`Brainstorm` (`sid`, `pid`, `line`, `uid`, `timestamp`) VALUES ('0', '21', 'Фанаты и критики просто упикассались', 'e77dd17c', '2013-02-01 00:54:00');

INSERT INTO `ComedyDB`.`Brainstorm` (`sid`, `pid`, `line`, `uid`, `timestamp`) VALUES ('22', '0', 'Барак Обама решил выделить 100 миллиардов долларов', '741ebb6f', '2013-01-30 06:33:38');

INSERT INTO `ComedyDB`.`Brainstorm` (`sid`, `pid`, `line`, `uid`, `timestamp`) VALUES ('0', '22', 'но сколько он не тужился выделялись одни рубли', 'f0fd66ee', '2013-01-31 12:32:00');

INSERT INTO `ComedyDB`.`Brainstorm` (`sid`, `pid`, `line`, `uid`, `timestamp`) VALUES ('0', '22', '...на печатание дополнительных 50 миллиардов долларов', 'fb89e99d', '2013-01-31 12:49:42');

INSERT INTO `ComedyDB`.`Brainstorm` (`sid`, `pid`, `line`, `uid`, `timestamp`) VALUES ('0', '22', 'извините&#44; выделить или выдавить&#44; я не ослышался?!', '1d7e9d1f', '2013-01-31 15:08:48');

INSERT INTO `ComedyDB`.`Brainstorm` (`sid`, `pid`, `line`, `uid`, `timestamp`) VALUES ('0', '22', 'Параллельно на телеканале FOX News было объявлино о конце света!', '50c3aea9', '2013-01-31 17:24:40');

INSERT INTO `ComedyDB`.`Brainstorm` (`sid`, `pid`, `line`, `uid`, `timestamp`) VALUES ('0', '22', 'Пока правда только в ковычки ', '741ebb6f', '2013-02-06 00:06:43');

INSERT INTO `ComedyDB`.`Brainstorm` (`sid`, `pid`, `line`, `uid`, `timestamp`) VALUES ('23', '0', 'В мае в Сан-франциско состоится концерт Бурановских Бабушек', '741ebb6f', '2013-01-30 22:06:59');

INSERT INTO `ComedyDB`.`Brainstorm` (`sid`, `pid`, `line`, `uid`, `timestamp`) VALUES ('0', '23', 'В райдере они запросили семок и медикал', 'fb89e99d', '2013-01-31 06:34:43');

INSERT INTO `ComedyDB`.`Brainstorm` (`sid`, `pid`, `line`, `uid`, `timestamp`) VALUES ('0', '23', 'надеюсь успеют приехать всем составом ', '1d7e9d1f', '2013-01-31 15:33:14');

INSERT INTO `ComedyDB`.`Brainstorm` (`sid`, `pid`, `line`, `uid`, `timestamp`) VALUES ('0', '23', 'А в Ереване пройдёт концерт Бартановские Бабушки', '741ebb6f', '2013-02-06 01:37:18');

INSERT INTO `ComedyDB`.`Brainstorm` (`sid`, `pid`, `line`, `uid`, `timestamp`) VALUES ('24', '0', 'На Алькатрасе пройдут съемки фильма с Гошей Куценко в главной роли', '741ebb6f', '2013-01-31 10:55:01');

INSERT INTO `ComedyDB`.`Brainstorm` (`sid`, `pid`, `line`, `uid`, `timestamp`) VALUES ('0', '24', 'фильм будет называться &#34;Голубая лагуна 3&#34;', '8bd87de5', '2013-01-31 12:25:25');

INSERT INTO `ComedyDB`.`Brainstorm` (`sid`, `pid`, `line`, `uid`, `timestamp`) VALUES ('0', '24', 'он конечно не Том Круз&#44; но зато на стрижке сэкономили&#44; сказал режиссер', 'f0fd66ee', '2013-01-31 12:29:03');

INSERT INTO `ComedyDB`.`Brainstorm` (`sid`, `pid`, `line`, `uid`, `timestamp`) VALUES ('0', '24', '...теперь Куценко полноценный Алькатраст', 'fb89e99d', '2013-01-31 12:53:04');

INSERT INTO `ComedyDB`.`Brainstorm` (`sid`, `pid`, `line`, `uid`, `timestamp`) VALUES ('0', '24', 'с криком: &#34;здесь только один лысый главный герой&#34;&#44; - Брюс Уиллис спасает мир от конца Светы&#44; которую играет Гоша', '1d7e9d1f', '2013-01-31 18:48:43');

INSERT INTO `ComedyDB`.`Brainstorm` (`sid`, `pid`, `line`, `uid`, `timestamp`) VALUES ('0', '24', '- туда ему и дорога!', 'e77dd17c', '2013-02-01 00:33:46');

INSERT INTO `ComedyDB`.`Brainstorm` (`sid`, `pid`, `line`, `uid`, `timestamp`) VALUES ('25', '0', 'На Эмбракодеро отркылся ночной клуб для эпилептиков', '741ebb6f', '2013-01-31 13:01:41');

INSERT INTO `ComedyDB`.`Brainstorm` (`sid`, `pid`, `line`, `uid`, `timestamp`) VALUES ('0', '25', 'В этом ночном клубе нет бара&#44; наркотиков&#44; и.... музыки.', '8bd87de5', '2013-01-31 14:10:25');

INSERT INTO `ComedyDB`.`Brainstorm` (`sid`, `pid`, `line`, `uid`, `timestamp`) VALUES ('0', '25', 'Когда включают светомузыку&#44; ребята колбасятся не по детски!', '50c3aea9', '2013-01-31 17:26:13');

INSERT INTO `ComedyDB`.`Brainstorm` (`sid`, `pid`, `line`, `uid`, `timestamp`) VALUES ('0', '25', 'стоимость за выход в 10 раз дороже чем за вход', '1d7e9d1f', '2013-01-31 18:41:51');

INSERT INTO `ComedyDB`.`Brainstorm` (`sid`, `pid`, `line`, `uid`, `timestamp`) VALUES ('0', '25', 'Клуб решили назвать &#34;Достоевкий&#34;', '741ebb6f', '2013-01-31 19:28:48');

INSERT INTO `ComedyDB`.`Brainstorm` (`sid`, `pid`, `line`, `uid`, `timestamp`) VALUES ('0', '25', 'Танцульки до пены изо рта', 'fb89e99d', '2013-01-31 22:13:14');

INSERT INTO `ComedyDB`.`Brainstorm` (`sid`, `pid`, `line`, `uid`, `timestamp`) VALUES ('26', '0', 'Барак Обама является тайным фанатом группы Золотое Кольцо', '741ebb6f', '2013-01-31 13:02:41');

INSERT INTO `ComedyDB`.`Brainstorm` (`sid`, `pid`, `line`, `uid`, `timestamp`) VALUES ('0', '26', 'и пожертвовал на их развитие 100 миллиардов долларов &#40;см. вопрос 22&#41;', '8bd87de5', '2013-01-31 14:14:14');

INSERT INTO `ComedyDB`.`Brainstorm` (`sid`, `pid`, `line`, `uid`, `timestamp`) VALUES ('0', '26', 'Он их называет&#44; &#34;My Precious&#34;... &#40;голосом Голумна из Властелина Колец&#41;', '50c3aea9', '2013-01-31 17:22:42');

INSERT INTO `ComedyDB`.`Brainstorm` (`sid`, `pid`, `line`, `uid`, `timestamp`) VALUES ('0', '26', '...в носу&#34;', 'fb89e99d', '2013-02-01 14:11:03');

INSERT INTO `ComedyDB`.`Brainstorm` (`sid`, `pid`, `line`, `uid`, `timestamp`) VALUES ('0', '26', 'Поговаривают&#44; что его вообще зачали в хороводе', '741ebb6f', '2013-02-06 01:36:34');

INSERT INTO `ComedyDB`.`Brainstorm` (`sid`, `pid`, `line`, `uid`, `timestamp`) VALUES ('27', '0', 'Погаваривают&#44; что нашего Валю видели в Чайнатауне', '741ebb6f', '2013-01-31 13:04:01');

INSERT INTO `ComedyDB`.`Brainstorm` (`sid`, `pid`, `line`, `uid`, `timestamp`) VALUES ('0', '27', 'а он как и все в &#34;Чайнотауне&#34; даже и не заметил', '1d7e9d1f', '2013-01-31 15:31:21');

INSERT INTO `ComedyDB`.`Brainstorm` (`sid`, `pid`, `line`, `uid`, `timestamp`) VALUES ('0', '27', 'Да я вас тоже друг с другом всё время путаю!', '50c3aea9', '2013-01-31 16:18:26');

INSERT INTO `ComedyDB`.`Brainstorm` (`sid`, `pid`, `line`, `uid`, `timestamp`) VALUES ('0', '27', 'И не раз... и в разных кварталах Чайнатауна одновременно...', '50c3aea9', '2013-01-31 16:25:53');

INSERT INTO `ComedyDB`.`Brainstorm` (`sid`, `pid`, `line`, `uid`, `timestamp`) VALUES ('0', '27', 'А как Валю узнали? - По широко открытым глазам', 'fb89e99d', '2013-02-01 14:31:24');

INSERT INTO `ComedyDB`.`Brainstorm` (`sid`, `pid`, `line`, `uid`, `timestamp`) VALUES ('0', '27', 'блин&#44; а как они его отличили?', '8bd87de5', '2013-02-02 15:22:14');

INSERT INTO `ComedyDB`.`Brainstorm` (`sid`, `pid`, `line`, `uid`, `timestamp`) VALUES ('0', '27', 'Эх ты... а говорил&#44; что русский', '741ebb6f', '2013-02-06 01:35:58');

INSERT INTO `ComedyDB`.`Brainstorm` (`sid`, `pid`, `line`, `uid`, `timestamp`) VALUES ('28', '0', 'Говорят Сан Франциско полицию пререименуют в милицию', 'fb89e99d', '2013-01-31 13:43:54');

INSERT INTO `ComedyDB`.`Brainstorm` (`sid`, `pid`, `line`, `uid`, `timestamp`) VALUES ('0', '28', 'ну слава богу...теперь хоть можно будет взятки давать', '8bd87de5', '2013-01-31 14:12:22');

INSERT INTO `ComedyDB`.`Brainstorm` (`sid`, `pid`, `line`, `uid`, `timestamp`) VALUES ('0', '28', 'наконец-то&#44; не только в рот брать будут', '1d7e9d1f', '2013-01-31 15:29:55');

INSERT INTO `ComedyDB`.`Brainstorm` (`sid`, `pid`, `line`, `uid`, `timestamp`) VALUES ('0', '28', 'Раз уж деградируюм&#44; давайте тогда сразу в &#34;мусарню&#34;!', '50c3aea9', '2013-01-31 17:27:55');

INSERT INTO `ComedyDB`.`Brainstorm` (`sid`, `pid`, `line`, `uid`, `timestamp`) VALUES ('0', '28', 'Только представьте&#44; &#34;Милиция Сан Франциско имени Путина-Медведева&#34;', 'e77dd17c', '2013-02-01 00:26:40');

INSERT INTO `ComedyDB`.`Brainstorm` (`sid`, `pid`, `line`, `uid`, `timestamp`) VALUES ('0', '28', 'теперь в YMCA будет петь тупо мент', 'fb89e99d', '2013-02-01 14:32:10');

INSERT INTO `ComedyDB`.`Brainstorm` (`sid`, `pid`, `line`, `uid`, `timestamp`) VALUES ('29', '0', 'В Сан-хозе был найден мальчик воспитаный индийскими програмистами', '741ebb6f', '2013-01-31 18:41:40');

INSERT INTO `ComedyDB`.`Brainstorm` (`sid`, `pid`, `line`, `uid`, `timestamp`) VALUES ('0', '29', 'он владеет множеством языков&#44; но говорить так и не научился', '1d7e9d1f', '2013-01-31 18:50:56');

INSERT INTO `ComedyDB`.`Brainstorm` (`sid`, `pid`, `line`, `uid`, `timestamp`) VALUES ('0', '29', 'к нему так и обращались: маленький человеческий детёныш', '8bd87de5', '2013-01-31 21:52:18');

INSERT INTO `ComedyDB`.`Brainstorm` (`sid`, `pid`, `line`, `uid`, `timestamp`) VALUES ('0', '29', 'Хорошо&#44; что вовремя нашли', 'fb89e99d', '2013-01-31 22:17:44');

INSERT INTO `ComedyDB`.`Brainstorm` (`sid`, `pid`, `line`, `uid`, `timestamp`) VALUES ('0', '29', 'Но сразу же был потерян в толпе других мальчиков воспитанных индисйскими программистами в Сан Хосе.', '50c3aea9', '2013-02-01 15:11:00');

INSERT INTO `ComedyDB`.`Brainstorm` (`sid`, `pid`, `line`, `uid`, `timestamp`) VALUES ('0', '29', 'У него на лбу вместо точки&#44; поинтер!', '741ebb6f', '2013-02-06 01:39:17');

INSERT INTO `ComedyDB`.`Brainstorm` (`sid`, `pid`, `line`, `uid`, `timestamp`) VALUES ('30', '0', 'Изначально мы хотели провести Комеди в Окленде', '741ebb6f', '2013-01-31 19:22:30');

INSERT INTO `ComedyDB`.`Brainstorm` (`sid`, `pid`, `line`, `uid`, `timestamp`) VALUES ('0', '30', 'ну&#44; так и в чём же дело?!', '1d7e9d1f', '2013-01-31 19:59:00');

INSERT INTO `ComedyDB`.`Brainstorm` (`sid`, `pid`, `line`, `uid`, `timestamp`) VALUES ('0', '30', 'Но тогда бы мероприятие назывылось &#34;Вечер ченого юмора&#34;', '741ebb6f', '2013-01-31 20:31:04');

INSERT INTO `ComedyDB`.`Brainstorm` (`sid`, `pid`, `line`, `uid`, `timestamp`) VALUES ('0', '30', 'но туда уже перенесли лав парад &#40;см. вопрос 7&#41;', '8bd87de5', '2013-01-31 21:52:50');

INSERT INTO `ComedyDB`.`Brainstorm` (`sid`, `pid`, `line`, `uid`, `timestamp`) VALUES ('0', '30', 'но там и без нас УЖАСНО смешно', 'e77dd17c', '2013-02-01 00:31:18');

INSERT INTO `ComedyDB`.`Brainstorm` (`sid`, `pid`, `line`, `uid`, `timestamp`) VALUES ('0', '30', 'для начала_&#44; надо помочь нашем братьям меньшим и провести там: свет_&#44; газ_&#44; воду', '1d7e9d1f', '2013-02-01 10:55:49');

INSERT INTO `ComedyDB`.`Brainstorm` (`sid`, `pid`, `line`, `uid`, `timestamp`) VALUES ('0', '30', 'но потом решили не становиться частью криминальной хроники', 'fb89e99d', '2013-02-01 14:09:10');

INSERT INTO `ComedyDB`.`Brainstorm` (`sid`, `pid`, `line`, `uid`, `timestamp`) VALUES ('0', '30', 'Но потом решили&#44; что у них там и без нас смешно.', '50c3aea9', '2013-02-02 00:58:49');

INSERT INTO `ComedyDB`.`Brainstorm` (`sid`, `pid`, `line`, `uid`, `timestamp`) VALUES ('0', '30', 'Но тогда бы пришлось переименовать Comedy Club в Tragedy Club', '741ebb6f', '2013-02-02 02:02:12');

INSERT INTO `ComedyDB`.`Brainstorm` (`sid`, `pid`, `line`, `uid`, `timestamp`) VALUES ('0', '30', 'уж лучше &#34;голубизна&#34;&#44; чем &#34;чернуха&#34; &#40;или наоборот&#41;', '1d7e9d1f', '2013-02-04 12:39:27');

INSERT INTO `ComedyDB`.`Brainstorm` (`sid`, `pid`, `line`, `uid`, `timestamp`) VALUES ('31', '0', 'Уважаемые знатоки&#44; ровно через минуту сообщить нам&#44; почему черный ящик именно  черный&#44; а не какого-нибудь другого цвета', '741ebb6f', '2013-01-31 19:27:06');

INSERT INTO `ComedyDB`.`Brainstorm` (`sid`, `pid`, `line`, `uid`, `timestamp`) VALUES ('0', '31', 'ну&#44; что бы хоть где-то не было выраженной дискриминации', '1d7e9d1f', '2013-01-31 19:58:10');

INSERT INTO `ComedyDB`.`Brainstorm` (`sid`, `pid`, `line`, `uid`, `timestamp`) VALUES ('0', '31', 'и тут Малевич постарался', '8bd87de5', '2013-01-31 21:51:49');

INSERT INTO `ComedyDB`.`Brainstorm` (`sid`, `pid`, `line`, `uid`, `timestamp`) VALUES ('0', '31', 'Потому что бабушка ящика со грешила с черным', 'fb89e99d', '2013-01-31 22:16:58');

INSERT INTO `ComedyDB`.`Brainstorm` (`sid`, `pid`, `line`, `uid`, `timestamp`) VALUES ('0', '31', 'Нужно было быть полит корректными.', '50c3aea9', '2013-01-31 23:39:51');

INSERT INTO `ComedyDB`.`Brainstorm` (`sid`, `pid`, `line`, `uid`, `timestamp`) VALUES ('0', '31', 'Потому что если бы мы его оббили красным бархатом&#44; нас могли бы не правильно понять ', '741ebb6f', '2013-02-01 00:00:05');

INSERT INTO `ComedyDB`.`Brainstorm` (`sid`, `pid`, `line`, `uid`, `timestamp`) VALUES ('0', '31', '- Потому что гроб это твой&#44; уважаемый ведущий!', 'e77dd17c', '2013-02-01 00:13:12');

INSERT INTO `ComedyDB`.`Brainstorm` (`sid`, `pid`, `line`, `uid`, `timestamp`) VALUES ('0', '31', 'а не то вы в него сами и загремите', '1d7e9d1f', '2013-02-01 10:56:52');

INSERT INTO `ComedyDB`.`Brainstorm` (`sid`, `pid`, `line`, `uid`, `timestamp`) VALUES ('0', '31', 'а Друзь пусть в магазин сбегает&#44; а то пока я такие вопросы придумывал меня че-то на хавку пробило', 'f0fd66ee', '2013-02-01 15:41:57');

INSERT INTO `ComedyDB`.`Brainstorm` (`sid`, `pid`, `line`, `uid`, `timestamp`) VALUES ('32', '0', 'Я знаю&#44; почему мне всё время не везёт!', 'e77dd17c', '2013-02-01 00:56:00');

INSERT INTO `ComedyDB`.`Brainstorm` (`sid`, `pid`, `line`, `uid`, `timestamp`) VALUES ('0', '32', 'Это единственное_&#44; что я знаю. С остальными знаниями мне не повезло.', '741ebb6f', '2013-02-01 04:01:31');

INSERT INTO `ComedyDB`.`Brainstorm` (`sid`, `pid`, `line`, `uid`, `timestamp`) VALUES ('0', '32', '... но не помню', '1d7e9d1f', '2013-02-01 10:47:45');

INSERT INTO `ComedyDB`.`Brainstorm` (`sid`, `pid`, `line`, `uid`, `timestamp`) VALUES ('0', '32', 'потому что ты - кобыла и это тебе везти', 'fb89e99d', '2013-02-01 14:05:15');

INSERT INTO `ComedyDB`.`Brainstorm` (`sid`, `pid`, `line`, `uid`, `timestamp`) VALUES ('0', '32', 'стишок рассказывать надо детским голосом  Мне всё время не везёт... Дед Мороз подарки Может плохо себя вёл? Кушал плохо кашки? Или может я его внучки кинул палки?', '8bd87de5', '2013-02-01 15:02:45');

INSERT INTO `ComedyDB`.`Brainstorm` (`sid`, `pid`, `line`, `uid`, `timestamp`) VALUES ('0', '32', 'это единственное&#44; в чём мне повезло', 'e77dd17c', '2013-02-01 23:00:42');

INSERT INTO `ComedyDB`.`Brainstorm` (`sid`, `pid`, `line`, `uid`, `timestamp`) VALUES ('0', '32', 'а рассказать некому', '1d7e9d1f', '2013-02-04 12:36:37');

INSERT INTO `ComedyDB`.`Brainstorm` (`sid`, `pid`, `line`, `uid`, `timestamp`) VALUES ('33', '0', 'Что бы чай был вкуснее&#44; моя бабушка кидала в чашку карамельку', '741ebb6f', '2013-02-02 02:03:13');

INSERT INTO `ComedyDB`.`Brainstorm` (`sid`, `pid`, `line`, `uid`, `timestamp`) VALUES ('0', '33', 'А когда я себя плохо вёл - яду!', '50c3aea9', '2013-02-02 13:50:43');

INSERT INTO `ComedyDB`.`Brainstorm` (`sid`, `pid`, `line`, `uid`, `timestamp`) VALUES ('0', '33', 'а также шоколадку&#44; бублик&#44; хлеб с колбасой&#44; красную икру и мои записянные штаны', '8bd87de5', '2013-02-02 14:27:52');

INSERT INTO `ComedyDB`.`Brainstorm` (`sid`, `pid`, `line`, `uid`, `timestamp`) VALUES ('0', '33', 'Поэтому моя бабушка не умерла - она карамелизировалась.', 'e77dd17c', '2013-02-02 19:56:52');

INSERT INTO `ComedyDB`.`Brainstorm` (`sid`, `pid`, `line`, `uid`, `timestamp`) VALUES ('0', '33', 'а чай выпивала из стакана', '1d7e9d1f', '2013-02-02 22:03:19');

INSERT INTO `ComedyDB`.`Brainstorm` (`sid`, `pid`, `line`, `uid`, `timestamp`) VALUES ('0', '33', 'а чай заваривать так и не научилась', 'f0fd66ee', '2013-02-03 15:44:21');

INSERT INTO `ComedyDB`.`Brainstorm` (`sid`, `pid`, `line`, `uid`, `timestamp`) VALUES ('0', '33', 'а чашку кидала в меня', '1d7e9d1f', '2013-02-04 12:35:04');

INSERT INTO `ComedyDB`.`Brainstorm` (`sid`, `pid`, `line`, `uid`, `timestamp`) VALUES ('0', '33', 'чтобы чай был вкуснее в него нужно кидать заварку', 'fb89e99d', '2013-02-04 15:29:30');

INSERT INTO `ComedyDB`.`Brainstorm` (`sid`, `pid`, `line`, `uid`, `timestamp`) VALUES ('0', '33', 'До сих пор не могу понять&#44; что же в Макдональдсе в кофе кидают... ', '741ebb6f', '2013-02-05 00:27:37');

INSERT INTO `ComedyDB`.`Brainstorm` (`sid`, `pid`, `line`, `uid`, `timestamp`) VALUES ('34', '0', 'В предверии сочинской олимпиады&#44; сборная Гондураса по бобслею приступила к усилиным тренировкам', '741ebb6f', '2013-02-02 02:04:58');

INSERT INTO `ComedyDB`.`Brainstorm` (`sid`, `pid`, `line`, `uid`, `timestamp`) VALUES ('0', '34', 'и к концу 2013 года&#44; они наконец-то смогут показать на карте&#44; где находиться Сочи', '8bd87de5', '2013-02-02 14:11:31');

INSERT INTO `ComedyDB`.`Brainstorm` (`sid`, `pid`, `line`, `uid`, `timestamp`) VALUES ('0', '34', 'Но увы&#44; Боб Хернандез слил досрочно', 'e77dd17c', '2013-02-02 20:01:56');

INSERT INTO `ComedyDB`.`Brainstorm` (`sid`, `pid`, `line`, `uid`, `timestamp`) VALUES ('0', '34', 'но слеюлись &#40;или слились&#41; раньше времени', '1d7e9d1f', '2013-02-02 22:04:59');

INSERT INTO `ComedyDB`.`Brainstorm` (`sid`, `pid`, `line`, `uid`, `timestamp`) VALUES ('0', '34', 'Гондурасцы бобслеивали бобслеивали&#44; да не выбобслеивали!', '50c3aea9', '2013-02-03 19:48:53');

INSERT INTO `ComedyDB`.`Brainstorm` (`sid`, `pid`, `line`, `uid`, `timestamp`) VALUES ('0', '34', 'чтоб не оказаться на олимпиаде распоследними гондурасами', 'fb89e99d', '2013-02-04 15:30:23');

INSERT INTO `ComedyDB`.`Brainstorm` (`sid`, `pid`, `line`, `uid`, `timestamp`) VALUES ('35', '0', 'Я со своей женой именно по вторникам не могу найти общий язык', '741ebb6f', '2013-02-02 02:07:34');

INSERT INTO `ComedyDB`.`Brainstorm` (`sid`, `pid`, `line`, `uid`, `timestamp`) VALUES ('0', '35', 'она приходит с работы&#44; раздевается&#44; кидается мне шею&#44; трахает меня&#44; потом мы засыпаем и так спим до среды', '8bd87de5', '2013-02-02 14:25:47');

INSERT INTO `ComedyDB`.`Brainstorm` (`sid`, `pid`, `line`, `uid`, `timestamp`) VALUES ('0', '35', 'У неё язык злой&#44; а у меня набок', 'e77dd17c', '2013-02-02 20:04:06');

INSERT INTO `ComedyDB`.`Brainstorm` (`sid`, `pid`, `line`, `uid`, `timestamp`) VALUES ('0', '35', 'конечно&#44; он же в общей среде', '1d7e9d1f', '2013-02-02 22:13:19');

INSERT INTO `ComedyDB`.`Brainstorm` (`sid`, `pid`, `line`, `uid`, `timestamp`) VALUES ('0', '35', 'он в общей среде затерялся', '1d7e9d1f', '2013-02-02 22:22:30');

INSERT INTO `ComedyDB`.`Brainstorm` (`sid`, `pid`, `line`, `uid`, `timestamp`) VALUES ('0', '35', 'по средам у нас разногласия&#44; по четвергам разные точки зрения&#44; по пятницам никак не совпадают точки зрения&#44; а с субботы по понедельник мы вообще не разговариваем', 'f0fd66ee', '2013-02-03 15:41:53');

INSERT INTO `ComedyDB`.`Brainstorm` (`sid`, `pid`, `line`, `uid`, `timestamp`) VALUES ('0', '35', 'Может потому что по вторникам мы с друзьями снимаем шлюх... Трудно сказать...', '50c3aea9', '2013-02-03 20:03:29');

INSERT INTO `ComedyDB`.`Brainstorm` (`sid`, `pid`, `line`, `uid`, `timestamp`) VALUES ('0', '35', 'у вас чо - еще и язык общий? ', 'fb89e99d', '2013-02-04 15:38:57');

INSERT INTO `ComedyDB`.`Brainstorm` (`sid`, `pid`, `line`, `uid`, `timestamp`) VALUES ('0', '35', 'Потому что со вторника по среду играются матчи лиги чемпионов', '741ebb6f', '2013-02-05 18:38:57');

INSERT INTO `ComedyDB`.`Brainstorm` (`sid`, `pid`, `line`, `uid`, `timestamp`) VALUES ('36', '0', 'Молодой и энергичный стартап ищет на работу некрасивую секретаршу', '741ebb6f', '2013-02-02 02:09:32');

INSERT INTO `ComedyDB`.`Brainstorm` (`sid`, `pid`, `line`, `uid`, `timestamp`) VALUES ('0', '36', 'а примет только красавицу', '8bd87de5', '2013-02-02 14:43:58');

INSERT INTO `ComedyDB`.`Brainstorm` (`sid`, `pid`, `line`, `uid`, `timestamp`) VALUES ('0', '36', 'это позиция временная&#44; до момента&#44; когда наш стартап пойдёт паблик &#40;в люди&#41;', '8bd87de5', '2013-02-02 14:44:49');

INSERT INTO `ComedyDB`.`Brainstorm` (`sid`, `pid`, `line`, `uid`, `timestamp`) VALUES ('0', '36', '- Ээээээ&#44; Стартап&#44; зачем тебе некрасивый секретарша? - Да панимаээш&#44; Гоги - дэтэй нэ хачу.', '8bd87de5', '2013-02-02 14:45:23');

INSERT INTO `ComedyDB`.`Brainstorm` (`sid`, `pid`, `line`, `uid`, `timestamp`) VALUES ('0', '36', 'Видите-ли&#44; в нашей ситуации молодость и энергию надо экономить', 'e77dd17c', '2013-02-02 20:06:14');

INSERT INTO `ComedyDB`.`Brainstorm` (`sid`, `pid`, `line`, `uid`, `timestamp`) VALUES ('0', '36', 'стартап так и называется - становись красивой', '1d7e9d1f', '2013-02-02 22:34:10');

INSERT INTO `ComedyDB`.`Brainstorm` (`sid`, `pid`, `line`, `uid`, `timestamp`) VALUES ('0', '36', 'а что вы думали&#44; извращенцы не могут быть молодыми и энергичными?', 'f0fd66ee', '2013-02-03 15:47:46');

INSERT INTO `ComedyDB`.`Brainstorm` (`sid`, `pid`, `line`, `uid`, `timestamp`) VALUES ('0', '36', 'Будем инвесторам давить на жалость.', '50c3aea9', '2013-02-03 19:55:54');

INSERT INTO `ComedyDB`.`Brainstorm` (`sid`, `pid`, `line`, `uid`, `timestamp`) VALUES ('0', '36', 'Либо секретаршу индуску&#44; что в принципе одно и тоже', '741ebb6f', '2013-02-04 14:20:35');

INSERT INTO `ComedyDB`.`Brainstorm` (`sid`, `pid`, `line`, `uid`, `timestamp`) VALUES ('0', '36', 'к резюме приложите фотографию&#44; нашему CEO и HR  нужно проблеваться', 'fb89e99d', '2013-02-04 15:36:37');

INSERT INTO `ComedyDB`.`Brainstorm` (`sid`, `pid`, `line`, `uid`, `timestamp`) VALUES ('37', '0', 'А что легче выучить&#44; индийский язык или С++?', '741ebb6f', '2013-02-02 02:10:03');

INSERT INTO `ComedyDB`.`Brainstorm` (`sid`, `pid`, `line`, `uid`, `timestamp`) VALUES ('0', '37', '- ну&#44; для русских легче выучить C++. - это почему? - потому что больше&#44; чем на 3 буквы мы не посылаем', '8bd87de5', '2013-02-02 14:35:10');

INSERT INTO `ComedyDB`.`Brainstorm` (`sid`, `pid`, `line`, `uid`, `timestamp`) VALUES ('0', '37', '#define indijsky &#34;please&#34;', 'e77dd17c', '2013-02-02 20:13:47');

INSERT INTO `ComedyDB`.`Brainstorm` (`sid`, `pid`, `line`, `uid`, `timestamp`) VALUES ('0', '37', 'а&#44; что тяжелее 100 кило индийских языков или 100 кило компьютерных?', '1d7e9d1f', '2013-02-02 22:27:53');

INSERT INTO `ComedyDB`.`Brainstorm` (`sid`, `pid`, `line`, `uid`, `timestamp`) VALUES ('0', '37', 'Индусы перед тем как написать код на С++&#44; сначала его поют и танцуют', '741ebb6f', '2013-02-04 14:50:05');

INSERT INTO `ComedyDB`.`Brainstorm` (`sid`, `pid`, `line`, `uid`, `timestamp`) VALUES ('0', '37', 'учитесь танцу живота - в танце обьясните задание индийскому программисту', 'fb89e99d', '2013-02-04 15:32:58');

INSERT INTO `ComedyDB`.`Brainstorm` (`sid`, `pid`, `line`, `uid`, `timestamp`) VALUES ('38', '0', 'В сан-франциском зоопарке панда родила в неволе...', '741ebb6f', '2013-02-02 20:12:32');

INSERT INTO `ComedyDB`.`Brainstorm` (`sid`, `pid`, `line`, `uid`, `timestamp`) VALUES ('0', '38', 'А в русском - сторожиха', 'e77dd17c', '2013-02-02 20:20:36');

INSERT INTO `ComedyDB`.`Brainstorm` (`sid`, `pid`, `line`, `uid`, `timestamp`) VALUES ('0', '38', 'как зачали так и родила', '1d7e9d1f', '2013-02-02 22:29:05');

INSERT INTO `ComedyDB`.`Brainstorm` (`sid`, `pid`, `line`, `uid`, `timestamp`) VALUES ('0', '38', 'Её сосед по камере&#44; панда Себастьян&#44; не признаёт ребёнка&#44; и отказывается платить алименты.', '50c3aea9', '2013-02-03 19:40:55');

INSERT INTO `ComedyDB`.`Brainstorm` (`sid`, `pid`, `line`, `uid`, `timestamp`) VALUES ('0', '38', 'закон об освобождении панд из неволи', 'fb89e99d', '2013-02-04 15:33:42');

INSERT INTO `ComedyDB`.`Brainstorm` (`sid`, `pid`, `line`, `uid`, `timestamp`) VALUES ('39', '0', '&#34;Э-эй&#44; славяне!&#34; - вскричал губернатор Калифорнии Браун...', 'e77dd17c', '2013-02-02 20:27:46');

INSERT INTO `ComedyDB`.`Brainstorm` (`sid`, `pid`, `line`, `uid`, `timestamp`) VALUES ('0', '39', 'и искажённое эхо&#44; из Сан Франциско&#44; вторило в след - гей&#44; гей!', '1d7e9d1f', '2013-02-02 22:16:45');

INSERT INTO `ComedyDB`.`Brainstorm` (`sid`, `pid`, `line`, `uid`, `timestamp`) VALUES ('0', '39', 'это полковник Исаев еще никогда не был так близок к провалу', 'f0fd66ee', '2013-02-03 15:51:25');

INSERT INTO `ComedyDB`.`Brainstorm` (`sid`, `pid`, `line`, `uid`, `timestamp`) VALUES ('0', '39', '&#34;э-эй&#44; коричневая какашка&#34; крикнули славяне', 'fb89e99d', '2013-02-04 15:39:32');

INSERT INTO `ComedyDB`.`Brainstorm` (`sid`, `pid`, `line`, `uid`, `timestamp`) VALUES ('0', '39', '&#34;Гей&#44; славяне!&#34; - кричали славяне глядя на губернатора Брауна', '741ebb6f', '2013-02-05 18:36:48');

INSERT INTO `ComedyDB`.`Brainstorm` (`sid`, `pid`, `line`, `uid`, `timestamp`) VALUES ('40', '0', 'В сан-франциско полиция накрыла подпольный монгольский массажный салон', '741ebb6f', '2013-02-02 20:30:28');

INSERT INTO `ComedyDB`.`Brainstorm` (`sid`, `pid`, `line`, `uid`, `timestamp`) VALUES ('0', '40', 'не накрыло&#44; а работало под прикрытием', '1d7e9d1f', '2013-02-02 22:17:44');

INSERT INTO `ComedyDB`.`Brainstorm` (`sid`, `pid`, `line`, `uid`, `timestamp`) VALUES ('0', '40', 'Вам-то смешно&#44; а мне теперь работу нужно где-то искать...', '50c3aea9', '2013-02-03 18:29:30');

INSERT INTO `ComedyDB`.`Brainstorm` (`sid`, `pid`, `line`, `uid`, `timestamp`) VALUES ('0', '40', 'не накрыло&#44; а прикрыло срам', 'fb89e99d', '2013-02-04 15:38:11');

INSERT INTO `ComedyDB`.`Brainstorm` (`sid`, `pid`, `line`, `uid`, `timestamp`) VALUES ('41', '0', 'Нам поступило приглашение выступить на корпоративе церкви саентологов', '741ebb6f', '2013-02-02 20:35:00');

INSERT INTO `ComedyDB`.`Brainstorm` (`sid`, `pid`, `line`, `uid`, `timestamp`) VALUES ('0', '41', 'и мы не смогли отказаться. &#40;&#34;Pussy Riot&#34;&#41;', '1d7e9d1f', '2013-02-02 22:21:28');

INSERT INTO `ComedyDB`.`Brainstorm` (`sid`, `pid`, `line`, `uid`, `timestamp`) VALUES ('0', '41', 'а вы не хотите пройти бесплатный психолочисекий тест?', 'f0fd66ee', '2013-02-03 15:39:05');

INSERT INTO `ComedyDB`.`Brainstorm` (`sid`, `pid`, `line`, `uid`, `timestamp`) VALUES ('0', '41', 'а еще переписать на них всё свое имущество', 'fb89e99d', '2013-02-04 15:47:38');

INSERT INTO `ComedyDB`.`Brainstorm` (`sid`, `pid`, `line`, `uid`, `timestamp`) VALUES ('0', '41', 'Ребята_&#44; Tom Cruise пригласил нас выступить на корпоративе церкви саентологов! - Не_&#44; мужик_&#44; это ж mission impossible!', 'e77dd17c', '2013-02-04 21:33:25');

INSERT INTO `ComedyDB`.`Brainstorm` (`sid`, `pid`, `line`, `uid`, `timestamp`) VALUES ('0', '41', 'Особено отличился главный саентолог Вайнер ', 'cd2b478a', '2013-02-04 22:58:47');

INSERT INTO `ComedyDB`.`Brainstorm` (`sid`, `pid`, `line`, `uid`, `timestamp`) VALUES ('0', '41', 'Пока только в роли подопытного материала. Но мы планируем рости!', '50c3aea9', '2013-02-05 17:35:42');

INSERT INTO `ComedyDB`.`Brainstorm` (`sid`, `pid`, `line`, `uid`, `timestamp`) VALUES ('42', '0', 'Вчера Валя впервые сходил в баню в Сан-франциско', '741ebb6f', '2013-02-02 20:39:57');

INSERT INTO `ComedyDB`.`Brainstorm` (`sid`, `pid`, `line`, `uid`, `timestamp`) VALUES ('0', '42', 'я же ему говорил: что там есть туалеты&#44; а он всё время до бани дома ходил ...', '1d7e9d1f', '2013-02-02 22:19:45');

INSERT INTO `ComedyDB`.`Brainstorm` (`sid`, `pid`, `line`, `uid`, `timestamp`) VALUES ('0', '42', 'к счастью&#44; в бане его узнали еще по гей-клубам', 'f0fd66ee', '2013-02-03 15:30:15');

INSERT INTO `ComedyDB`.`Brainstorm` (`sid`, `pid`, `line`, `uid`, `timestamp`) VALUES ('0', '42', 'Да просто монгольский массажный салон в СФ накрылся...', '50c3aea9', '2013-02-03 20:51:39');

INSERT INTO `ComedyDB`.`Brainstorm` (`sid`, `pid`, `line`, `uid`, `timestamp`) VALUES ('0', '42', ' и впервые помылся', '1d7e9d1f', '2013-02-03 21:48:03');

INSERT INTO `ComedyDB`.`Brainstorm` (`sid`, `pid`, `line`, `uid`, `timestamp`) VALUES ('0', '42', ' а помыться забыл', '1d7e9d1f', '2013-02-03 21:48:37');

INSERT INTO `ComedyDB`.`Brainstorm` (`sid`, `pid`, `line`, `uid`, `timestamp`) VALUES ('0', '42', 'даже несколько раз и заодно помылся', '1d7e9d1f', '2013-02-03 21:50:23');

INSERT INTO `ComedyDB`.`Brainstorm` (`sid`, `pid`, `line`, `uid`, `timestamp`) VALUES ('0', '42', 'Валя&#44; голые бабы и мужики в большом локичестве - это еще не факт что ты в бане', 'fb89e99d', '2013-02-04 15:49:01');

INSERT INTO `ComedyDB`.`Brainstorm` (`sid`, `pid`, `line`, `uid`, `timestamp`) VALUES ('0', '42', 'Как оказалось_&#44; безопаснее_&#44; поднимать мыло в тюряге', '8bd87de5', '2013-02-04 21:41:17');

INSERT INTO `ComedyDB`.`Brainstorm` (`sid`, `pid`, `line`, `uid`, `timestamp`) VALUES ('0', '42', 'Вчера Валя впервые взял_&#44; и сходил в баню в Сан Франциско... - Смелость города берёт! ', 'e77dd17c', '2013-02-04 22:29:35');

INSERT INTO `ComedyDB`.`Brainstorm` (`sid`, `pid`, `line`, `uid`, `timestamp`) VALUES ('0', '42', 'Валя&#44; когда тебя посылают в баню&#44; не стоит это восроинимать буквально', '741ebb6f', '2013-02-05 01:38:30');

INSERT INTO `ComedyDB`.`Brainstorm` (`sid`, `pid`, `line`, `uid`, `timestamp`) VALUES ('43', '0', 'встречаются как-то Кутузов и Наполеон в публичом доме...', '8bd87de5', '2013-02-02 22:38:49');

INSERT INTO `ComedyDB`.`Brainstorm` (`sid`, `pid`, `line`, `uid`, `timestamp`) VALUES ('0', '43', 'там-то впервые&#44; Наполеон пытался Кутузову глаз на жопу натянуть; в результате у Кутузова нет глаза&#44; а у Наполеона есть триппер ', '1d7e9d1f', '2013-02-03 14:22:27');

INSERT INTO `ComedyDB`.`Brainstorm` (`sid`, `pid`, `line`, `uid`, `timestamp`) VALUES ('0', '43', 'так по неосторожности Наполеона&#44; Кутузов остался без глаза', 'f0fd66ee', '2013-02-03 15:36:15');

INSERT INTO `ComedyDB`.`Brainstorm` (`sid`, `pid`, `line`, `uid`, `timestamp`) VALUES ('0', '43', 'вот Кутузов глазом и расплатился', '1d7e9d1f', '2013-02-03 21:31:32');

INSERT INTO `ComedyDB`.`Brainstorm` (`sid`, `pid`, `line`, `uid`, `timestamp`) VALUES ('0', '43', 'просто тогда только в публичных домах топили', 'fb89e99d', '2013-02-04 15:52:19');

INSERT INTO `ComedyDB`.`Brainstorm` (`sid`, `pid`, `line`, `uid`, `timestamp`) VALUES ('0', '43', 'Смешались в кучу кони_&#44; люди... - Да_&#44; потом это назвали Бородино', 'e77dd17c', '2013-02-04 21:37:15');

INSERT INTO `ComedyDB`.`Brainstorm` (`sid`, `pid`, `line`, `uid`, `timestamp`) VALUES ('0', '43', 'и у того и у другого были в руке листочки: &#34;Принимаются на работу....&#34;', '8bd87de5', '2013-02-05 14:36:19');

INSERT INTO `ComedyDB`.`Brainstorm` (`sid`, `pid`, `line`, `uid`, `timestamp`) VALUES ('0', '43', 'Но не успел Наполеон войти в свою путану&#44; как Кутузов по привычке принял решение уйти и поджёг девицу.', '50c3aea9', '2013-02-05 17:35:13');

INSERT INTO `ComedyDB`.`Brainstorm` (`sid`, `pid`, `line`, `uid`, `timestamp`) VALUES ('44', '0', 'Анализ ДНК показал&#44; что наш Валя дальний родственник Ким Ир Сена', '741ebb6f', '2013-02-03 20:31:50');

INSERT INTO `ComedyDB`.`Brainstorm` (`sid`, `pid`, `line`, `uid`, `timestamp`) VALUES ('0', '44', 'но по каким-то странным обстоятельствам Ким Ир Сен не смог появиться на программе &#34;пусть говорят&#34; - &#34;жду тебя&#34; и даже просто написать опровержение', '1d7e9d1f', '2013-02-03 21:59:05');

INSERT INTO `ComedyDB`.`Brainstorm` (`sid`, `pid`, `line`, `uid`, `timestamp`) VALUES ('0', '44', 'а анализ мочи&#44; что не такие уж они и дальние', 'fb89e99d', '2013-02-04 15:53:20');

INSERT INTO `ComedyDB`.`Brainstorm` (`sid`, `pid`, `line`, `uid`, `timestamp`) VALUES ('0', '44', '&#34;в семье не без урода&#44;&#34; прокомментировал новость Ким Ир Сен', 'f0fd66ee', '2013-02-04 16:10:23');

INSERT INTO `ComedyDB`.`Brainstorm` (`sid`, `pid`, `line`, `uid`, `timestamp`) VALUES ('0', '44', 'Причём Валя сдавал анализ прямо на забор перед посольство Северной Кореи', '741ebb6f', '2013-02-04 23:17:15');

INSERT INTO `ComedyDB`.`Brainstorm` (`sid`, `pid`, `line`, `uid`, `timestamp`) VALUES ('0', '44', 'Теперь Валя называет его по-семейному&#44; &#34;комрад Сеня&#34;', 'e77dd17c', '2013-02-04 23:58:55');

INSERT INTO `ComedyDB`.`Brainstorm` (`sid`, `pid`, `line`, `uid`, `timestamp`) VALUES ('0', '44', 'как и дальний родственник ещё 3&#44;997&#44;508&#44;913 человек &#40;азиат&#41;.', '50c3aea9', '2013-02-05 17:33:27');

INSERT INTO `ComedyDB`.`Brainstorm` (`sid`, `pid`, `line`, `uid`, `timestamp`) VALUES ('45', '0', 'Сборная России по футболу решила пойти на рискованый эксперимент', '741ebb6f', '2013-02-03 20:34:38');

INSERT INTO `ComedyDB`.`Brainstorm` (`sid`, `pid`, `line`, `uid`, `timestamp`) VALUES ('0', '45', 'и одела коньки', '1d7e9d1f', '2013-02-03 21:32:34');

INSERT INTO `ComedyDB`.`Brainstorm` (`sid`, `pid`, `line`, `uid`, `timestamp`) VALUES ('0', '45', 'и тупо попробовать в этот раз реально поиграть в футбол', 'fb89e99d', '2013-02-04 15:42:15');

INSERT INTO `ComedyDB`.`Brainstorm` (`sid`, `pid`, `line`, `uid`, `timestamp`) VALUES ('0', '45', 'пытались на неделю с выпивкой завязать. К сожалению эксперимент провалился&#44; так как беля морда совсем не подходила к красной форме.', 'f0fd66ee', '2013-02-04 16:14:19');

INSERT INTO `ComedyDB`.`Brainstorm` (`sid`, `pid`, `line`, `uid`, `timestamp`) VALUES ('0', '45', 'Они решили не выходить на игру и посмотреть_&#44; действительно ли им засчитают техническое поражение', '8bd87de5', '2013-02-04 21:33:40');

INSERT INTO `ComedyDB`.`Brainstorm` (`sid`, `pid`, `line`, `uid`, `timestamp`) VALUES ('0', '45', 'и_&#44; вопреки предписанию врача_&#44; выиграла у бразильцев! Увы_&#44; не все очнулись после празднования.', 'e77dd17c', '2013-02-04 21:50:31');

INSERT INTO `ComedyDB`.`Brainstorm` (`sid`, `pid`, `line`, `uid`, `timestamp`) VALUES ('0', '45', 'сыграть со сборной Гондураса по бобслею', 'cd2b478a', '2013-02-04 23:01:02');

INSERT INTO `ComedyDB`.`Brainstorm` (`sid`, `pid`, `line`, `uid`, `timestamp`) VALUES ('0', '45', 'и разрешить фанатам сборной России проносить на стадион огнестрельное оружие.', '741ebb6f', '2013-02-04 23:16:01');

INSERT INTO `ComedyDB`.`Brainstorm` (`sid`, `pid`, `line`, `uid`, `timestamp`) VALUES ('0', '45', 'Но стратегия «Трусы на голове» не помогла команде.', '50c3aea9', '2013-02-05 17:31:53');

INSERT INTO `ComedyDB`.`Brainstorm` (`sid`, `pid`, `line`, `uid`, `timestamp`) VALUES ('46', '0', 'Наш Женя до сих пор коллекционирует записи группы &#34;Руки Вверх!&#34;', '741ebb6f', '2013-02-03 20:50:10');

INSERT INTO `ComedyDB`.`Brainstorm` (`sid`, `pid`, `line`, `uid`, `timestamp`) VALUES ('0', '46', 'уже лучше быть  дальним родственником Ким Ир Сена', '1d7e9d1f', '2013-02-03 22:14:10');

INSERT INTO `ComedyDB`.`Brainstorm` (`sid`, `pid`, `line`, `uid`, `timestamp`) VALUES ('0', '46', 'просто наш Женя - герой 2-ой отечественной и &#34;Руки Вверх&#34; для него звучит по-особенному', 'fb89e99d', '2013-02-04 15:41:28');

INSERT INTO `ComedyDB`.`Brainstorm` (`sid`, `pid`, `line`, `uid`, `timestamp`) VALUES ('0', '46', 'он до сих пор надеется что в одной из них услышит ответ на вопрос &#34;Ну где же вы&#44; девченки?!&#34;', 'f0fd66ee', '2013-02-04 16:16:03');

INSERT INTO `ComedyDB`.`Brainstorm` (`sid`, `pid`, `line`, `uid`, `timestamp`) VALUES ('0', '46', 'Только у него есть их сингл на Английском...  _&#40;Звучит фонограмма \_&#34;Hands up_&#44; baby_&#44; hands up. Give me your heart give me_&#44; give me your heart give me_&#44; baby\_&#34;', 'e77dd17c', '2013-02-04 21:54:32');

INSERT INTO `ComedyDB`.`Brainstorm` (`sid`, `pid`, `line`, `uid`, `timestamp`) VALUES ('0', '46', 'Безполезное занятие. Даже если он будет покупать по альбому в сутки_&#44; всё равно \_&#34;Руки Вверх\_&#34; чаще новый диск выпускают.', '741ebb6f', '2013-02-04 23:13:50');

INSERT INTO `ComedyDB`.`Brainstorm` (`sid`, `pid`, `line`, `uid`, `timestamp`) VALUES ('47', '0', 'Ребята&#44; там нашего Валю пчела укусила', 'fb89e99d', '2013-02-04 15:43:21');

INSERT INTO `ComedyDB`.`Brainstorm` (`sid`, `pid`, `line`, `uid`, `timestamp`) VALUES ('0', '47', 'Скорее&#44; давай ему искуственное дыхание сделаем! - давай! - А где у него лицо? Ну где глаза&#44; там и лицо...&#40;ералаш мюзик&#44; парапапа-па&#41;', 'fb89e99d', '2013-02-04 15:51:01');

INSERT INTO `ComedyDB`.`Brainstorm` (`sid`, `pid`, `line`, `uid`, `timestamp`) VALUES ('0', '47', 'не ходите туда&#44; там пчелы.', 'f0fd66ee', '2013-02-04 16:17:05');

INSERT INTO `ComedyDB`.`Brainstorm` (`sid`, `pid`, `line`, `uid`, `timestamp`) VALUES ('0', '47', 'Что такое дорогой_&#44; что?? Пчелу жалко', 'cd2b478a', '2013-02-04 22:54:04');

INSERT INTO `ComedyDB`.`Brainstorm` (`sid`, `pid`, `line`, `uid`, `timestamp`) VALUES ('0', '47', 'а вдруг она бешенная? ему ведь тепер 40 уколов надо', '741ebb6f', '2013-02-04 23:11:38');

INSERT INTO `ComedyDB`.`Brainstorm` (`sid`, `pid`, `line`, `uid`, `timestamp`) VALUES ('0', '47', '-И чё? - Да ничё. Он опух и теперь может сумо заниматься', '741ebb6f', '2013-02-04 23:12:27');

INSERT INTO `ComedyDB`.`Brainstorm` (`sid`, `pid`, `line`, `uid`, `timestamp`) VALUES ('0', '47', '- А Женю - муха - А меня собака! - И меня кролик укусил! - А меня - девка полуголая! - ??? &#40;ГЗК&#41; Один только Паша вчера не перепутал Стрип-клуб с зоофермой.', 'e77dd17c', '2013-02-05 00:04:51');

INSERT INTO `ComedyDB`.`Brainstorm` (`sid`, `pid`, `line`, `uid`, `timestamp`) VALUES ('0', '47', 'теперь ему пару недель не стыдно в баню ходить&#44; везёт же людям', '1d7e9d1f', '2013-02-05 13:21:20');

INSERT INTO `ComedyDB`.`Brainstorm` (`sid`, `pid`, `line`, `uid`, `timestamp`) VALUES ('0', '47', '1й - Так&#44; скорее! Посадите его! Надо срочно высосать яд. 2й - Ага. Давай. Только он сидеть не может', '8bd87de5', '2013-02-05 14:39:40');

INSERT INTO `ComedyDB`.`Brainstorm` (`sid`, `pid`, `line`, `uid`, `timestamp`) VALUES ('48', '0', 'Валя: &#34;Мы поедем&#44; мы помчимся на оленях утром ранним&#34;', 'e77dd17c', '2013-02-04 22:24:45');

INSERT INTO `ComedyDB`.`Brainstorm` (`sid`, `pid`, `line`, `uid`, `timestamp`) VALUES ('0', '48', 'Опять ведь рога кому-то наставил!', 'e77dd17c', '2013-02-04 22:26:24');

INSERT INTO `ComedyDB`.`Brainstorm` (`sid`, `pid`, `line`, `uid`, `timestamp`) VALUES ('0', '48', 'Потому что вечером нам дали ДЮАЙ', 'cd2b478a', '2013-02-04 22:53:01');

INSERT INTO `ComedyDB`.`Brainstorm` (`sid`, `pid`, `line`, `uid`, `timestamp`) VALUES ('0', '48', 'И отчаянно воpвемся пpямо в трафик на Bay-Bridge', '741ebb6f', '2013-02-04 23:10:59');

INSERT INTO `ComedyDB`.`Brainstorm` (`sid`, `pid`, `line`, `uid`, `timestamp`) VALUES ('0', '48', 'Потому что после пьянки мы забрались в зоопааарк!', '50c3aea9', '2013-02-04 23:29:39');

INSERT INTO `ComedyDB`.`Brainstorm` (`sid`, `pid`, `line`, `uid`, `timestamp`) VALUES ('0', '48', 'потому&#44; что касадорес&#44; самый лучший отходня-ак', '1d7e9d1f', '2013-02-05 13:23:01');

INSERT INTO `ComedyDB`.`Brainstorm` (`sid`, `pid`, `line`, `uid`, `timestamp`) VALUES ('49', '0', 'Мы отлично подготовились к этому вечеру&#44; и сегодня ни один не уйдёт из зала не посмеявшись.', 'e77dd17c', '2013-02-04 23:37:32');

INSERT INTO `ComedyDB`.`Brainstorm` (`sid`, `pid`, `line`, `uid`, `timestamp`) VALUES ('0', '49', 'Охрану мы на этот счёт проинструктировали', 'e77dd17c', '2013-02-04 23:37:53');

INSERT INTO `ComedyDB`.`Brainstorm` (`sid`, `pid`, `line`, `uid`, `timestamp`) VALUES ('0', '49', 'и выйдут только завтра - плача и парами', '1d7e9d1f', '2013-02-05 13:27:01');

INSERT INTO `ComedyDB`.`Brainstorm` (`sid`, `pid`, `line`, `uid`, `timestamp`) VALUES ('0', '49', 'на этом наше выступление закончено. До новых встреч.', '8bd87de5', '2013-02-05 13:57:04');

INSERT INTO `ComedyDB`.`Brainstorm` (`sid`, `pid`, `line`, `uid`, `timestamp`) VALUES ('50', '0', 'На острове Пасхи была обнаружена скандальная каменная фигура', '741ebb6f', '2013-02-05 00:00:04');

INSERT INTO `ComedyDB`.`Brainstorm` (`sid`, `pid`, `line`, `uid`, `timestamp`) VALUES ('0', '50', 'Она была с пасхальными яйцами.', '50c3aea9', '2013-02-05 11:29:29');

INSERT INTO `ComedyDB`.`Brainstorm` (`sid`, `pid`, `line`, `uid`, `timestamp`) VALUES ('0', '50', 'она непрерывно скандалила&#44; швырялась пасхальными яйцами и грызла мацу', '1d7e9d1f', '2013-02-05 13:33:19');

INSERT INTO `ComedyDB`.`Brainstorm` (`sid`, `pid`, `line`, `uid`, `timestamp`) VALUES ('0', '50', 'да это просто Валик голым медитировал', '8bd87de5', '2013-02-05 13:55:51');

INSERT INTO `ComedyDB`.`Brainstorm` (`sid`, `pid`, `line`, `uid`, `timestamp`) VALUES ('0', '50', 'Пасхальный х*й с пасхальныи яйцами...', '741ebb6f', '2013-02-05 18:32:20');

INSERT INTO `ComedyDB`.`Brainstorm` (`sid`, `pid`, `line`, `uid`, `timestamp`) VALUES ('51', '0', 'Братья Кличко заявили&#44; что готовы побороться на следующий президентских выборах в Украине', '741ebb6f', '2013-02-05 00:00:08');

INSERT INTO `ComedyDB`.`Brainstorm` (`sid`, `pid`, `line`, `uid`, `timestamp`) VALUES ('0', '51', 'совсем бокс забросили', '1d7e9d1f', '2013-02-05 13:38:54');

INSERT INTO `ComedyDB`.`Brainstorm` (`sid`, `pid`, `line`, `uid`, `timestamp`) VALUES ('0', '51', 'Услышав слово &#34;побороться&#34;&#44; конкурецию им решил составить ВВ Путин', '8bd87de5', '2013-02-05 14:12:02');

INSERT INTO `ComedyDB`.`Brainstorm` (`sid`, `pid`, `line`, `uid`, `timestamp`) VALUES ('0', '51', 'ну&#44; тогда уже вот так : &#34;а победил всё равно Путин!&#34;', '1d7e9d1f', '2013-02-05 23:18:41');

INSERT INTO `ComedyDB`.`Brainstorm` (`sid`, `pid`, `line`, `uid`, `timestamp`) VALUES ('52', '0', 'Стало известно&#44; Союзмультфильм готовит дополнение к игре World of Warcraft', '741ebb6f', '2013-02-05 00:00:11');

INSERT INTO `ComedyDB`.`Brainstorm` (`sid`, `pid`, `line`, `uid`, `timestamp`) VALUES ('0', '52', 'Чебурашка&#44; Шапокляк и Крокодил Гена ... а ты на каком уровне&#44; дружок?!', '1d7e9d1f', '2013-02-05 13:40:36');

INSERT INTO `ComedyDB`.`Brainstorm` (`sid`, `pid`, `line`, `uid`, `timestamp`) VALUES ('0', '52', 'а что если сказать типа рекламы?  Каждый из них живёт в своём мире. Каждый из них вооружён и очень опасен. Они встретились&#44; что бы набить морду всем&#44; кто попадётся на их пути. Они - боги войны. Союзмультфим престасвлюет: Пяточёк с ружьём&#44; Крокодил Гена с гармошкой&#44; Фрэкенбок с душем в новое приложение к игрушке World of Warcraft - &#34;The End of World of Warcraft&#34;', '8bd87de5', '2013-02-05 14:29:43');

INSERT INTO `ComedyDB`.`Brainstorm` (`sid`, `pid`, `line`, `uid`, `timestamp`) VALUES ('0', '52', 'Теперь Крокодил Гена и Чебурашка могут не только спеть весёлую песню&#44; но и зах#ячить кого-то дубинками.', '50c3aea9', '2013-02-05 16:34:19');

INSERT INTO `ComedyDB`.`Brainstorm` (`sid`, `pid`, `line`, `uid`, `timestamp`) VALUES ('0', '52', 'Однако эксперты считают&#44; что приложение к Стрип-Покер с полюбившимися всем героями будет гораздо более популярным', 'e77dd17c', '2013-02-05 21:57:17');

INSERT INTO `ComedyDB`.`Brainstorm` (`sid`, `pid`, `line`, `uid`, `timestamp`) VALUES ('53', '0', 'Чтобы прокормиться&#44; я в молодости торговал гантелями', '741ebb6f', '2013-02-05 20:29:38');

INSERT INTO `ComedyDB`.`Brainstorm` (`sid`, `pid`, `line`, `uid`, `timestamp`) VALUES ('0', '53', 'в нагрузку к жевачке', 'e77dd17c', '2013-02-05 21:42:48');

INSERT INTO `ComedyDB`.`Brainstorm` (`sid`, `pid`, `line`, `uid`, `timestamp`) VALUES ('0', '53', 'и их же ел', '1d7e9d1f', '2013-02-05 23:00:26');

INSERT INTO `ComedyDB`.`Brainstorm` (`sid`, `pid`, `line`, `uid`, `timestamp`) VALUES ('0', '53', 'А я гениталиями!', '50c3aea9', '2013-02-06 14:07:01');

INSERT INTO `ComedyDB`.`Brainstorm` (`sid`, `pid`, `line`, `uid`, `timestamp`) VALUES ('54', '0', 'Господа&#44; кто владелец серебристового Хамера&#44; запаркованного у входа перед гидрантом?', '741ebb6f', '2013-02-05 20:35:41');

INSERT INTO `ComedyDB`.`Brainstorm` (`sid`, `pid`, `line`, `uid`, `timestamp`) VALUES ('0', '54', 'Мы хотели сообщить&#44; что вашего Хамера утовали нахера', 'e77dd17c', '2013-02-05 21:44:15');

INSERT INTO `ComedyDB`.`Brainstorm` (`sid`, `pid`, `line`, `uid`, `timestamp`) VALUES ('0', '54', 'серебристый цвет ты распознал&#44; а то что на красной линии ...', '1d7e9d1f', '2013-02-05 23:01:55');

INSERT INTO `ComedyDB`.`Brainstorm` (`sid`, `pid`, `line`, `uid`, `timestamp`) VALUES ('55', '0', 'Traffic School этов первую очередь школа&#44; и там тоже бывает последний звонок &#40;идейка такая&#41;', '741ebb6f', '2013-02-05 20:44:55');

INSERT INTO `ComedyDB`.`Brainstorm` (`sid`, `pid`, `line`, `uid`, `timestamp`) VALUES ('0', '55', 'и первый трах', '1d7e9d1f', '2013-02-05 23:11:07');

INSERT INTO `ComedyDB`.`Brainstorm` (`sid`, `pid`, `line`, `uid`, `timestamp`) VALUES ('56', '0', 'Мы ребята - будь здоров. Нам палец в рот не клади.', '741ebb6f', '2013-02-05 21:18:58');

INSERT INTO `ComedyDB`.`Brainstorm` (`sid`, `pid`, `line`, `uid`, `timestamp`) VALUES ('0', '56', 'И не только в рот! И вообще&#44; не надо нам ваших пальцев - сказали же&#44; мы здоровые&#44; мы свои пальцы не знаем куда деть &#40;растопырить пальцы по-блотному&#41;', 'e77dd17c', '2013-02-05 21:50:07');

INSERT INTO `ComedyDB`.`Brainstorm` (`sid`, `pid`, `line`, `uid`, `timestamp`) VALUES ('0', '56', 'с такими плакатами двинулись геи на москву', '1d7e9d1f', '2013-02-05 23:03:33');

INSERT INTO `ComedyDB`.`Brainstorm` (`sid`, `pid`, `line`, `uid`, `timestamp`) VALUES ('0', '56', 'именно&#44; с такими плакатами двинулись геи на Москву', '1d7e9d1f', '2013-02-05 23:16:46');

INSERT INTO `ComedyDB`.`Brainstorm` (`sid`, `pid`, `line`, `uid`, `timestamp`) VALUES ('0', '56', 'ведь мы не знаем куда вы их до этого сували... Хотя постой&#44; вы из Сан-франциско? Тогда мы точно знаем&#44; куда вы их сували.', '741ebb6f', '2013-02-05 23:37:47');

INSERT INTO `ComedyDB`.`Brainstorm` (`sid`, `pid`, `line`, `uid`, `timestamp`) VALUES ('57', '0', 'Я в совершенстве познал искуство телекинеза', '741ebb6f', '2013-02-05 21:20:13');

INSERT INTO `ComedyDB`.`Brainstorm` (`sid`, `pid`, `line`, `uid`, `timestamp`) VALUES ('0', '57', 'ну&#44; так и помоги тогда сборной России по футболу', '1d7e9d1f', '2013-02-05 23:05:50');

INSERT INTO `ComedyDB`.`Brainstorm` (`sid`, `pid`, `line`, `uid`, `timestamp`) VALUES ('0', '57', 'ой&#44; я не это хотел написать&#44; перестань&#44; мной управлять&#44; лять&#44; лять&#44; ляяяяяяяяяяы тЬь&#44; бе ка ку ми пупс хрю хрю ше ка ка ка кру ех кех&#44; стоййййй ппппп пппп ппп', '1d7e9d1f', '2013-02-05 23:07:52');

INSERT INTO `ComedyDB`.`Brainstorm` (`sid`, `pid`, `line`, `uid`, `timestamp`) VALUES ('0', '57', 'падла', '1d7e9d1f', '2013-02-05 23:10:16');

INSERT INTO `ComedyDB`.`Brainstorm` (`sid`, `pid`, `line`, `uid`, `timestamp`) VALUES ('0', '57', 'Сейчас я сдвину с места Сашу. Саша&#44; вот 100 баксов&#44; которые я тебе должен&#44; но я тебе их не отдам!... &#40;Саша срывается с места&#41;', 'e77dd17c', '2013-02-06 11:53:02');

INSERT INTO `ComedyDB`.`Brainstorm` (`sid`, `pid`, `line`, `uid`, `timestamp`) VALUES ('0', '57', 'Ты бы лучше наш телевизор починил! Телекинез он там&#44; понимаешь&#44; познаёт...', '50c3aea9', '2013-02-06 14:01:40');

INSERT INTO `ComedyDB`.`Brainstorm` (`sid`, `pid`, `line`, `uid`, `timestamp`) VALUES ('58', '0', 'Российские ученые&#44; под чутким руководством партии Едрос&#44; создали уникальную &#34;Систему Управления Результатами Общественного Голосования&#34;&#44; сокращенно СУРОГ', 'e77dd17c', '2013-02-05 21:40:03');

INSERT INTO `ComedyDB`.`Brainstorm` (`sid`, `pid`, `line`, `uid`, `timestamp`) VALUES ('0', '58', 'Всего лишь через 3-7 лет нам снова всем &#34;Превед Медвед&#34;!', 'e77dd17c', '2013-02-05 21:40:22');

INSERT INTO `ComedyDB`.`Brainstorm` (`sid`, `pid`, `line`, `uid`, `timestamp`) VALUES ('0', '58', 'Путин&#44; всегда живой&#44; Путин всегда со мной!', '1d7e9d1f', '2013-02-05 23:13:36');

INSERT INTO `ComedyDB`.`Brainstorm` (`sid`, `pid`, `line`, `uid`, `timestamp`) VALUES ('0', '58', 'Когда Черномырдин произносит название партии Единорос&#44; некоторым слышится &#34;Перди на нос&#34;', '741ebb6f', '2013-02-05 23:23:48');

INSERT INTO `ComedyDB`.`Brainstorm` (`sid`, `pid`, `line`, `uid`, `timestamp`) VALUES ('59', '0', 'Милая моя&#44; где ты и где я ...', '1d7e9d1f', '2013-02-05 23:22:24');

INSERT INTO `ComedyDB`.`Brainstorm` (`sid`, `pid`, `line`, `uid`, `timestamp`) VALUES ('0', '59', 'Где он&#44; где она&#44; где они&#44; где мы-ы... ой слушай&#44; а где это мы? Эй вы где а-ууууу!!!! &#40; мда&#44; мне пора спать :&#41; &#41;', '1d7e9d1f', '2013-02-05 23:54:45');

INSERT INTO `ComedyDB`.`Brainstorm` (`sid`, `pid`, `line`, `uid`, `timestamp`) VALUES ('0', '59', 'Милая моя&#44; как же мне тебя? - так говорил &#40;кто?&#41; &#40;кому?&#41;', 'e77dd17c', '2013-02-06 01:20:45');

INSERT INTO `ComedyDB`.`Brainstorm` (`sid`, `pid`, `line`, `uid`, `timestamp`) VALUES ('60', '0', 'Вчера в клубе “Гламур” прошел конкурс мокрых маячек', '741ebb6f', '2013-02-05 23:34:54');

INSERT INTO `ComedyDB`.`Brainstorm` (`sid`, `pid`, `line`, `uid`, `timestamp`) VALUES ('0', '60', '1. то есть мокрых мальчиков&#44; я хотел сказать 2. и потом перешёл в конкурс мокрых мальчиков', '1d7e9d1f', '2013-02-05 23:38:24');

INSERT INTO `ComedyDB`.`Brainstorm` (`sid`, `pid`, `line`, `uid`, `timestamp`) VALUES ('0', '60', 'Самое большое количество мокрых маечек оказалось у прачки Клавы', 'e77dd17c', '2013-02-06 11:54:47');

INSERT INTO `ComedyDB`.`Brainstorm` (`sid`, `pid`, `line`, `uid`, `timestamp`) VALUES ('61', '0', 'А слабо с понедельника встать в 6 утра&#44; пробежать десяток километров&#44; а потом нырнуть в бассейн?', '741ebb6f', '2013-02-05 23:35:28');

INSERT INTO `ComedyDB`.`Brainstorm` (`sid`, `pid`, `line`, `uid`, `timestamp`) VALUES ('0', '61', 'ни хрена себе у тебя риэл эстейт', '1d7e9d1f', '2013-02-05 23:41:47');

INSERT INTO `ComedyDB`.`Brainstorm` (`sid`, `pid`, `line`, `uid`, `timestamp`) VALUES ('0', '61', 'Да. Но завтра у нас побег&#44; а лучше плана мы не придумали.', '50c3aea9', '2013-02-06 13:58:13');

INSERT INTO `ComedyDB`.`Brainstorm` (`sid`, `pid`, `line`, `uid`, `timestamp`) VALUES ('62', '0', 'По началу мы даже процесс написания шуток аутсорсили в Индию', '741ebb6f', '2013-02-05 23:35:34');

INSERT INTO `ComedyDB`.`Brainstorm` (`sid`, `pid`, `line`, `uid`, `timestamp`) VALUES ('0', '62', 'а потом даже и там нас не пропустили', '1d7e9d1f', '2013-02-05 23:42:55');

INSERT INTO `ComedyDB`.`Brainstorm` (`sid`, `pid`, `line`, `uid`, `timestamp`) VALUES ('0', '62', 'Шутки пришли в виде блок схемы &#40;flow chart map&#41;', '8bd87de5', '2013-02-06 08:15:44');

INSERT INTO `ComedyDB`.`Brainstorm` (`sid`, `pid`, `line`, `uid`, `timestamp`) VALUES ('0', '62', 'Вот поэтому первую половину нашего выступления вам было не смешно', 'e77dd17c', '2013-02-06 11:22:57');

INSERT INTO `ComedyDB`.`Brainstorm` (`sid`, `pid`, `line`, `uid`, `timestamp`) VALUES ('63', '0', 'Если в Древней Спарте слабых и некрасивых мальчиков выбрасывали в пропасть&#44; то что делали со слабыми и некрасивыми девочками?', '741ebb6f', '2013-02-05 23:35:39');

INSERT INTO `ComedyDB`.`Brainstorm` (`sid`, `pid`, `line`, `uid`, `timestamp`) VALUES ('0', '63', 'так это и были как раз те самые девочки', '1d7e9d1f', '2013-02-05 23:39:50');

INSERT INTO `ComedyDB`.`Brainstorm` (`sid`, `pid`, `line`, `uid`, `timestamp`) VALUES ('0', '63', 'Слабых и некрасивых девочек в Спарте небыло&#44; потому что водки было достаточно.', '50c3aea9', '2013-02-06 18:52:09');

INSERT INTO `ComedyDB`.`Brainstorm` (`sid`, `pid`, `line`, `uid`, `timestamp`) VALUES ('64', '0', 'Уборщица из компании Микрософт снялась в голом виде для Плейбоя', '741ebb6f', '2013-02-05 23:41:50');

INSERT INTO `ComedyDB`.`Brainstorm` (`sid`, `pid`, `line`, `uid`, `timestamp`) VALUES ('0', '64', 'да она случайно в Р-бин корзину попала', '1d7e9d1f', '2013-02-05 23:47:14');

INSERT INTO `ComedyDB`.`Brainstorm` (`sid`, `pid`, `line`, `uid`, `timestamp`) VALUES ('0', '64', 'Теперь она будет главным э-э-э лицом рекламной кампании нового продукта&#44; XXX Box', 'e77dd17c', '2013-02-06 11:26:25');

INSERT INTO `ComedyDB`.`Brainstorm` (`sid`, `pid`, `line`, `uid`, `timestamp`) VALUES ('0', '64', 'на этом закочилась фотосессия &#34;женщины АйТи&#34;', 'f0fd66ee', '2013-02-06 15:36:39');

INSERT INTO `ComedyDB`.`Brainstorm` (`sid`, `pid`, `line`, `uid`, `timestamp`) VALUES ('65', '0', 'Сан-франциские врачи боятся давать клятву Гипократа', '741ebb6f', '2013-02-05 23:41:55');

INSERT INTO `ComedyDB`.`Brainstorm` (`sid`, `pid`, `line`, `uid`, `timestamp`) VALUES ('0', '65', 'геякрата у них клятва&#44; сколько раз повторять', '1d7e9d1f', '2013-02-05 23:43:51');

INSERT INTO `ComedyDB`.`Brainstorm` (`sid`, `pid`, `line`, `uid`, `timestamp`) VALUES ('66', '0', 'У Саши в пасспорте вместо фотографии - фоторобот', '741ebb6f', '2013-02-05 23:42:00');

INSERT INTO `ComedyDB`.`Brainstorm` (`sid`, `pid`, `line`, `uid`, `timestamp`) VALUES ('0', '66', 'ты мой не видел у меня вообще&#44; ай ди вместо фотки', '1d7e9d1f', '2013-02-05 23:49:57');

INSERT INTO `ComedyDB`.`Brainstorm` (`sid`, `pid`, `line`, `uid`, `timestamp`) VALUES ('0', '66', 'все логично&#44; вместо жены тоже надувная женщина', 'f0fd66ee', '2013-02-06 15:39:06');

INSERT INTO `ComedyDB`.`Brainstorm` (`sid`, `pid`, `line`, `uid`, `timestamp`) VALUES ('0', '66', 'Да и в живую у него рожа тоже не очень.', '50c3aea9', '2013-02-06 18:44:53');

INSERT INTO `ComedyDB`.`Brainstorm` (`sid`, `pid`, `line`, `uid`, `timestamp`) VALUES ('0', '66', 'Просто он боксёр. И ему то челюсть поломают&#44; то нос. Вот и приходится его обычное лицо по памяти составлять.', '50c3aea9', '2013-02-06 18:48:16');

INSERT INTO `ComedyDB`.`Brainstorm` (`sid`, `pid`, `line`, `uid`, `timestamp`) VALUES ('67', '0', 'До 1992 года Ливермор-17 был закрытым городом', '741ebb6f', '2013-02-05 23:42:05');

INSERT INTO `ComedyDB`.`Brainstorm` (`sid`, `pid`, `line`, `uid`, `timestamp`) VALUES ('0', '67', 'а потом его перезакрыли', '1d7e9d1f', '2013-02-05 23:52:14');

INSERT INTO `ComedyDB`.`Brainstorm` (`sid`, `pid`, `line`, `uid`, `timestamp`) VALUES ('0', '67', 'А потом состоялось торжественное закрытие Ливермора-18', 'e77dd17c', '2013-02-06 11:29:59');

INSERT INTO `ComedyDB`.`Brainstorm` (`sid`, `pid`, `line`, `uid`, `timestamp`) VALUES ('68', '0', 'А реально из Сансета до Эмбракодеро за 10 минут домчать?', '741ebb6f', '2013-02-05 23:59:52');

INSERT INTO `ComedyDB`.`Brainstorm` (`sid`, `pid`, `line`, `uid`, `timestamp`) VALUES ('0', '68', 'Реальнее в космос за 10 минут улететь!', 'e77dd17c', '2013-02-06 11:31:31');

INSERT INTO `ComedyDB`.`Brainstorm` (`sid`, `pid`, `line`, `uid`, `timestamp`) VALUES ('0', '68', 'конечно&#44; только вот обраааааааааатно', '1d7e9d1f', '2013-02-06 18:18:53');

INSERT INTO `ComedyDB`.`Brainstorm` (`sid`, `pid`, `line`, `uid`, `timestamp`) VALUES ('69', '0', 'Новость из достоверных источников. В июне в Сан-франциско с новой концертной программой приедет Стас Михайлов', '741ebb6f', '2013-02-05 23:59:57');

INSERT INTO `ComedyDB`.`Brainstorm` (`sid`, `pid`, `line`, `uid`, `timestamp`) VALUES ('0', '69', 'А в Америке правительство как раз планирует ужесточить контроль за штурмовым оружием... Я думаю&#44; это как-то связано', '741ebb6f', '2013-02-06 16:59:12');

INSERT INTO `ComedyDB`.`Brainstorm` (`sid`, `pid`, `line`, `uid`, `timestamp`) VALUES ('0', '69', 'приедет-приедет&#44; бля буду&#44; но что бы с новой&#44; да ну нах!', '1d7e9d1f', '2013-02-06 18:20:07');

INSERT INTO `ComedyDB`.`Brainstorm` (`sid`, `pid`, `line`, `uid`, `timestamp`) VALUES ('0', '69', 'Попался&#44; дурачок! - усмехнулись мужчины бальзаковского возраста из Кастро.', '50c3aea9', '2013-02-06 18:41:55');

INSERT INTO `ComedyDB`.`Brainstorm` (`sid`, `pid`, `line`, `uid`, `timestamp`) VALUES ('70', '0', 'Мои дальние родственники владеют плантацией в Южной Каролине', '741ebb6f', '2013-02-06 00:00:01');

INSERT INTO `ComedyDB`.`Brainstorm` (`sid`, `pid`, `line`, `uid`, `timestamp`) VALUES ('0', '70', '&#40;грустно&#41; А я владею только собой', 'e77dd17c', '2013-02-06 11:38:21');

INSERT INTO `ComedyDB`.`Brainstorm` (`sid`, `pid`, `line`, `uid`, `timestamp`) VALUES ('0', '70', 'а других родственников был домик в Сенегале. Так прабака с прадедом и познакомились..', 'f0fd66ee', '2013-02-06 15:44:18');

INSERT INTO `ComedyDB`.`Brainstorm` (`sid`, `pid`, `line`, `uid`, `timestamp`) VALUES ('0', '70', 'да&#44; ладно&#44; не настолько далёкие&#44; 5 часов лёту же всего', '1d7e9d1f', '2013-02-06 18:22:15');

INSERT INTO `ComedyDB`.`Brainstorm` (`sid`, `pid`, `line`, `uid`, `timestamp`) VALUES ('71', '0', 'Нам от спонсора ящик коньяка достался', '741ebb6f', '2013-02-06 00:00:07');

INSERT INTO `ComedyDB`.`Brainstorm` (`sid`, `pid`, `line`, `uid`, `timestamp`) VALUES ('0', '71', '- Правда??!! Мужики&#44; чего же вы молчали? А чё мы тут на сцене ещё делаем? &#40;все убегают&#41; ГЗК &#40;смущенно&#41;: На этом выступление Комеди Клуба кажется закончено &#40;крики фоном - &#34;ты чё сидишь&#44; давай сюда быстрей!&#34;&#41; &#40;выходит один&#41;... А я&#44; к сожалению&#44; не пью', 'e77dd17c', '2013-02-06 11:46:41');

INSERT INTO `ComedyDB`.`Brainstorm` (`sid`, `pid`, `line`, `uid`, `timestamp`) VALUES ('0', '71', 'Просто наш спонсор – «Общество Некрасивых Женщин Сан Франциско»!', '50c3aea9', '2013-02-06 13:55:43');

INSERT INTO `ComedyDB`.`Brainstorm` (`sid`, `pid`, `line`, `uid`, `timestamp`) VALUES ('0', '71', 'Наш спонсор - ООН!.. В смысле?!.. Ну&#44; ООН - Общество Очень Некрасивых!', '50c3aea9', '2013-02-06 14:05:27');

INSERT INTO `ComedyDB`.`Brainstorm` (`sid`, `pid`, `line`, `uid`, `timestamp`) VALUES ('0', '71', 'ну не понимают люди смысл нашего Общества Анонимных Алкоголиков', 'f0fd66ee', '2013-02-06 15:12:44');

INSERT INTO `ComedyDB`.`Brainstorm` (`sid`, `pid`, `line`, `uid`, `timestamp`) VALUES ('0', '71', '1ый: &#34;а почему ящик коньяка&#34;? 2ой: &#34;а чё бы и нет&#34;? 1ый: &#34;да нафига нам коньяк?. У этого спонсора намного интересней продукт.&#34; 2ой: &#34;а кто спонсор-то&#34;? 1ый: &#34;как кто? Публичный дом &#34;Солнышко&#34;', '8bd87de5', '2013-02-06 17:51:33');

INSERT INTO `ComedyDB`.`Brainstorm` (`sid`, `pid`, `line`, `uid`, `timestamp`) VALUES ('0', '71', 'м-да&#44; как всегда&#44; а сам-то коньяк остался у спонсора', '1d7e9d1f', '2013-02-06 18:10:48');

INSERT INTO `ComedyDB`.`Brainstorm` (`sid`, `pid`, `line`, `uid`, `timestamp`) VALUES ('72', '0', 'Когда мы искали спонсоров&#44; к нам с предложением обратилось похоронное агенство', '741ebb6f', '2013-02-06 00:05:15');

INSERT INTO `ComedyDB`.`Brainstorm` (`sid`, `pid`, `line`, `uid`, `timestamp`) VALUES ('0', '72', 'Мы так ржали! А больше всех Кеша... Нет больше Иннокентия. А вместе с ним и спонсоров.', 'e77dd17c', '2013-02-06 01:15:00');

INSERT INTO `ComedyDB`.`Brainstorm` (`sid`, `pid`, `line`, `uid`, `timestamp`) VALUES ('0', '72', 'Потому что люди умирают со смеху на наших выступлениях!', '50c3aea9', '2013-02-06 13:57:29');

INSERT INTO `ComedyDB`.`Brainstorm` (`sid`, `pid`, `line`, `uid`, `timestamp`) VALUES ('0', '72', 'девушка: ну предложение&#44; конечно&#44; лестное&#44; но мне еще как-то рановато...', 'f0fd66ee', '2013-02-06 15:14:18');

INSERT INTO `ComedyDB`.`Brainstorm` (`sid`, `pid`, `line`, `uid`, `timestamp`) VALUES ('0', '72', 'А недавно к нам со спонсорским предложением обратилось похоронное агентство ... ну&#44; да&#44; а то как-то на похоронах не очень весело; пару шуточек&#44; может кто и сляжет&#44; не встанет же&#44; хотя всё равно если даже и встанет&#44; так дважды за похороны заплатят&#44; бизнес тем более пойдёт в гору&#44; смертельная логика! &#40;это для стэндапа хороший переход&#41;', '1d7e9d1f', '2013-02-06 17:51:33');

INSERT INTO `ComedyDB`.`Brainstorm` (`sid`, `pid`, `line`, `uid`, `timestamp`) VALUES ('0', '72', 'ну так... на всякий случай...может шутки публике не понравятся', '8bd87de5', '2013-02-06 17:52:55');

INSERT INTO `ComedyDB`.`Brainstorm` (`sid`, `pid`, `line`, `uid`, `timestamp`) VALUES ('73', '0', 'Я с утра как встал&#44; так весь день на ногах&#44; ни разу не присел даже', 'e77dd17c', '2013-02-06 11:13:44');

INSERT INTO `ComedyDB`.`Brainstorm` (`sid`, `pid`, `line`, `uid`, `timestamp`) VALUES ('0', '73', 'А всё почему? Потому&#44; что я ... - лошадь! И-го-го-о!', 'e77dd17c', '2013-02-06 11:14:04');

INSERT INTO `ComedyDB`.`Brainstorm` (`sid`, `pid`, `line`, `uid`, `timestamp`) VALUES ('0', '73', 'Сказала Катя грубым басом&#44; и все немного припухли... ', '741ebb6f', '2013-02-06 16:47:21');

INSERT INTO `ComedyDB`.`Brainstorm` (`sid`, `pid`, `line`, `uid`, `timestamp`) VALUES ('0', '73', 'да&#44; тяжёлая штука запор', '1d7e9d1f', '2013-02-06 18:12:03');

INSERT INTO `ComedyDB`.`Brainstorm` (`sid`, `pid`, `line`, `uid`, `timestamp`) VALUES ('0', '73', 'монолог хуя онаниста', '1d7e9d1f', '2013-02-06 18:24:45');

INSERT INTO `ComedyDB`.`Brainstorm` (`sid`, `pid`, `line`, `uid`, `timestamp`) VALUES ('74', '0', 'А помните как на уроке ИЗО мы перед пасхой делали писанку на яйцах?', '741ebb6f', '2013-02-06 17:42:32');

INSERT INTO `ComedyDB`.`Brainstorm` (`sid`, `pid`, `line`, `uid`, `timestamp`) VALUES ('0', '74', 'нет не помню; я освобождён был&#44; у меня еврейская писянка и яйца', '1d7e9d1f', '2013-02-06 18:16:22');

INSERT INTO `ComedyDB`.`Brainstorm` (`sid`, `pid`, `line`, `uid`, `timestamp`) VALUES ('0', '74', 'нет не помню; я освобождён был&#44; у меня еврейская писянка на яйцах', '1d7e9d1f', '2013-02-06 18:17:33');

UPDATE `ComedyDB`.`Users` SET `time` = '1360548132' WHERE `Users`.`uid` = '741ebb6f' ;

UPDATE `ComedyDB`.`Users` SET `time` = '1360548136' WHERE `Users`.`uid` = '741ebb6f' ;

INSERT INTO `ComedyDB`.`Archive` (`text`, `type`, `uid`, `mainAuthor`, `timestamp`) VALUES ('<center>ШАИНСКИЙ</center><br><br><b>[Редактор]:</b> - Все знают песню Владимира Шаинского &#34;Антошка&#44; пошли пошли копать картошку&#34;&#44; но мало кто знает&#44; что были и другие варианты которые не пропустила цензура. И так&#44; Шаинский пытается пройти цензорный контроль....<br><br><b>[Шаинский]: </b> - Добрый день&#44; я тут песенку новую написал&#44; не хотите послушать?<br><br><b>[Редактор]:</b> - А... Владимир Яковлич... ну хорошо&#44; давайте послушаем.<br><br><b>[Шаинский]:</b> - Мишутка&#44; Мишутка! Пойдемте к проституткам... Мишутка&#44; Мишутка...<br><br><b>[Редактор]:</b> - Стоп! Вы что&#44; совсем? Вы же детям песню пишите...<br><br><b>[Шаинский]:</b> - Согласен&#44; просто муза вчера приходила... Я продлевал...  вот в голову и лезет... <br><br><b>[Редактор]:</b> - Другие варианты есть?<br><br><b>[Шаинский]:</b> - Кондратий&#44; Кондратий&#44; пойдем на свингер-парти&#44; Кондратий&#44; Кондратий...<br><br><b>[Редактор]: </b> - Знаете&#44; мы это конечно не пропустим&#44; а телефончик Кондратия я запишу... Что у вас дальше?<br><br><b>[Шаинский]: </b> - Антон&#44; Антон&#44; пошли пить самогон&#44; Антон&#44; Антон...<br><br><b>[Редактор]: </b> - Издеваетесь? Эту песню дети будут петь в пионерском лагере&#44; а не в вытрезвителе!!! Дальше. <br><br><b>[Шаинский]:</b> - Эмиль&#44; Эмиль&#44; поедим в Израиль&#44; Эмиль&#44; Эмиль...<br><br><b>[Редактор]:</b> - Какой Израиль? Вы что&#44; из ЭТИХ????... На свадьбах тамадой халтурите? Прекращайте это... <br><br><b>[Шаинский]:</b> - Хорошо... Махмуд&#44; Махмуд... Пойдем читать талмуд... Махмуд&#44; Махмуд...<br><br><b>[Редактор]:</b> - Какой Махмуд? Вы что&#44; Таджикистану гимн пишите? Не потерпим дисиденщины... У вас есть&#44; нормальные версии?<br><br><b>[Шаинский]:</b> - Есть про Обаму&#44; так сказать&#44; актуальчик...<br><br><b>[Редактор]:</b> - Интересно...<br><br><b>[Шаинский]:</b> - Барак&#44; Барак&#44; пошли бомбить Ирак... Барак&#44; Барак...<br><br><b>[Редактор]:</b> - <i>/Задумчиво/</i> Нет&#44; Обама на это не пойдет... слишком мягкий... Да и по батюшке Хусейн... Знаете&#44; давайте&#44; обычные имена попробуем... Например&#44; про Николая...<br><br><b>[Шаинский]:</b> - Про Николая?<br><br><b>[Редактор]:</b> - Про Николая<br><br><b>[Шаинский]:</b> - Хорошо. Колян&#44; Колян! Пошли курить кальян. Колян..<br><br><b>[Редактор]:</b> - Вы издеваетесь? Дайте сюда текст... <i>/отберает у Шаинского текст и бормоча/</i> Колян&#44; Колян! Пошли курить кальян... Это&#44; братцы&#44; мне по силе&#44; откажусь теперь едва ли. Тиле-тиле&#44; трали-вали... Парам-пам-пам... Парам-пам-пам... Не понял&#44; что за парампампам?<br><br>[Шаинский]:</b> - Понимаете&#44; я этого Николая знаю... Он как кальяну курнет&#44;... ну и потом <i>/как парень из ютубовского клипа/</i> &#34;Парапапам! Нифига себе... Опа!!! Парапапам!&#34;<br><br>[Редактор]:</b> - Вон!<br>', 'sketch', '741ebb6f', 'none', '2013-02-10 18:02:16');

UPDATE `ComedyDB`.`Users` SET `time` = '1360548224' WHERE `Users`.`uid` = '741ebb6f' ;

UPDATE `ComedyDB`.`Users` SET `time` = '1360548247' WHERE `Users`.`uid` = '741ebb6f' ;

UPDATE `ComedyDB`.`Users` SET `time` = '1360548253' WHERE `Users`.`uid` = '741ebb6f' ;

INSERT INTO `ComedyDB`.`Archive` (`text`, `type`, `uid`, `mainAuthor`, `timestamp`) VALUES ('<center><b>Шаинский и цензура</b></center><br><b>[Редактор]:</b> - Все знают песню Владимира Шаинского &#34;Антошка&#44; пошли пошли копать картошку&#34;&#44; но мало кто знает&#44; что были и другие варианты которые не пропустила цензура. И так&#44; Шаинский пытается пройти цензорный контроль....<br><br><b>[Шаинский]: </b> - Добрый день&#44; я тут песенку новую написал&#44; не хотите послушать?<br><br><b>[Редактор]:</b> - А... Владимир Яковлич... ну хорошо&#44; давайте послушаем.<br><br><b>[Шаинский]:</b> - Мишутка&#44; Мишутка! Пойдемте к проституткам... Мишутка&#44; Мишутка...<br><br><b>[Редактор]:</b> - Стоп! Вы что&#44; совсем? Вы же детям песню пишите...<br><br><b>[Шаинский]:</b> - Согласен&#44; просто муза вчера приходила... Я продлевал...  вот в голову и лезет... <br><br><b>[Редактор]:</b> - Другие варианты есть?<br><br><b>[Шаинский]:</b> - Кондратий&#44; Кондратий&#44; пойдем на свингер-парти&#44; Кондратий&#44; Кондратий...<br><br><b>[Редактор]: </b> - Знаете&#44; мы это конечно не пропустим&#44; а телефончик Кондратия я запишу... Что у вас дальше?<br><br><b>[Шаинский]: </b> - Антон&#44; Антон&#44; пошли пить самогон&#44; Антон&#44; Антон...<br><br><b>[Редактор]: </b> - Издеваетесь? Эту песню дети будут петь в пионерском лагере&#44; а не в вытрезвителе!!! Дальше. <br><br><b>[Шаинский]:</b> - Эмиль&#44; Эмиль&#44; поедим в Израиль&#44; Эмиль&#44; Эмиль...<br><br><b>[Редактор]:</b> - Какой Израиль? Вы что&#44; из ЭТИХ????... На свадьбах тамадой халтурите? Прекращайте это... <br><br><b>[Шаинский]:</b> - Хорошо... Махмуд&#44; Махмуд... Пойдем читать талмуд... Махмуд&#44; Махмуд...<br><br><b>[Редактор]:</b> - Какой Махмуд? Вы что&#44; Таджикистану гимн пишите? Не потерпим дисиденщины... У вас есть&#44; нормальные версии?<br><br><b>[Шаинский]:</b> - Есть про Обаму&#44; так сказать&#44; актуальчик...<br><br><b>[Редактор]:</b> - Интересно...<br><br><b>[Шаинский]:</b> - Барак&#44; Барак&#44; пошли бомбить Ирак... Барак&#44; Барак...<br><br><b>[Редактор]:</b> - <i>/Задумчиво/</i> Нет&#44; Обама на это не пойдет... слишком мягкий... Да и по батюшке Хусейн... Знаете&#44; давайте&#44; обычные имена попробуем... Например&#44; про Николая...<br><br><b>[Шаинский]:</b> - Про Николая?<br><br><b>[Редактор]:</b> - Про Николая<br><br><b>[Шаинский]:</b> - Хорошо. Колян&#44; Колян! Пошли курить кальян. Колян..<br><br><b>[Редактор]:</b> - Вы издеваетесь? Дайте сюда текст... <i>/отберает у Шаинского текст и бормоча/</i> Колян&#44; Колян! Пошли курить кальян... Это&#44; братцы&#44; мне по силе&#44; откажусь теперь едва ли. Тиле-тиле&#44; трали-вали... Парам-пам-пам... Парам-пам-пам... Не понял&#44; что за парампампам?<br><br><b>[Шаинский]:</b> - Понимаете&#44; я этого Николая знаю... Он как кальяну курнет&#44;... ну и потом <i>/как парень из ютубовского клипа/</i> &#34;Парапапам! Нифига себе... Опа!!! Парапапам!&#34;<br><br><b>[Редактор]:</b> - Вон!<br>', 'sketch', '741ebb6f', 'none', '2013-02-10 18:04:13');

UPDATE `ComedyDB`.`Users` SET `time` = '1360681082' WHERE `Users`.`uid` = '741ebb6f' ;

UPDATE `ComedyDB`.`Users` SET `time` = '1360683351' WHERE `Users`.`uid` = '741ebb6f' ;

UPDATE `ComedyDB`.`Users` SET `time` = '1360683437' WHERE `Users`.`uid` = '741ebb6f' ;

UPDATE `ComedyDB`.`Users` SET `time` = '1360683458' WHERE `Users`.`uid` = '741ebb6f' ;

UPDATE `ComedyDB`.`Users` SET `time` = '1360683695' WHERE `Users`.`uid` = '741ebb6f' ;

UPDATE `ComedyDB`.`Users` SET `time` = '1360683697' WHERE `Users`.`uid` = '741ebb6f' ;

UPDATE `ComedyDB`.`Users` SET `time` = '1360683700' WHERE `Users`.`uid` = '741ebb6f' ;

UPDATE `ComedyDB`.`Users` SET `time` = '1360683889' WHERE `Users`.`uid` = '741ebb6f' ;

UPDATE `ComedyDB`.`Users` SET `time` = '1360684444' WHERE `Users`.`uid` = '741ebb6f' ;

UPDATE `ComedyDB`.`Users` SET `time` = '1360685099' WHERE `Users`.`uid` = '741ebb6f' ;

UPDATE `ComedyDB`.`Users` SET `time` = '1360685143' WHERE `Users`.`uid` = '741ebb6f' ;

UPDATE `ComedyDB`.`Users` SET `time` = '1360685176' WHERE `Users`.`uid` = '741ebb6f' ;

UPDATE `ComedyDB`.`Users` SET `time` = '1360685194' WHERE `Users`.`uid` = '741ebb6f' ;

UPDATE `ComedyDB`.`Users` SET `time` = '1360685229' WHERE `Users`.`uid` = '741ebb6f' ;

UPDATE `ComedyDB`.`Users` SET `time` = '1360685262' WHERE `Users`.`uid` = '741ebb6f' ;

UPDATE `ComedyDB`.`Users` SET `time` = '1360685313' WHERE `Users`.`uid` = '741ebb6f' ;

UPDATE `ComedyDB`.`Users` SET `time` = '1360685319' WHERE `Users`.`uid` = '741ebb6f' ;

UPDATE `ComedyDB`.`Users` SET `time` = '1360685375' WHERE `Users`.`uid` = '741ebb6f' ;

UPDATE `ComedyDB`.`Users` SET `time` = '1360685385' WHERE `Users`.`uid` = '741ebb6f' ;

UPDATE `ComedyDB`.`Users` SET `time` = '1360685411' WHERE `Users`.`uid` = '741ebb6f' ;

UPDATE `ComedyDB`.`Users` SET `time` = '1360685433' WHERE `Users`.`uid` = '741ebb6f' ;

UPDATE `ComedyDB`.`Users` SET `time` = '1360685450' WHERE `Users`.`uid` = '741ebb6f' ;

UPDATE `ComedyDB`.`Users` SET `time` = '1360685477' WHERE `Users`.`uid` = '741ebb6f' ;

UPDATE `ComedyDB`.`Users` SET `time` = '1360685525' WHERE `Users`.`uid` = '741ebb6f' ;

UPDATE `ComedyDB`.`Users` SET `time` = '1360685722' WHERE `Users`.`uid` = '741ebb6f' ;

UPDATE `ComedyDB`.`Users` SET `time` = '1360686026' WHERE `Users`.`uid` = '741ebb6f' ;

UPDATE `ComedyDB`.`Users` SET `time` = '1360686028' WHERE `Users`.`uid` = '741ebb6f' ;

UPDATE `ComedyDB`.`Users` SET `time` = '1360686031' WHERE `Users`.`uid` = '741ebb6f' ;

UPDATE `ComedyDB`.`Users` SET `time` = '1360686093' WHERE `Users`.`uid` = '741ebb6f' ;

UPDATE `ComedyDB`.`Users` SET `time` = '1360686106' WHERE `Users`.`uid` = '741ebb6f' ;

UPDATE `ComedyDB`.`Users` SET `time` = '1360686107' WHERE `Users`.`uid` = '741ebb6f' ;

UPDATE `ComedyDB`.`Users` SET `time` = '1360686202' WHERE `Users`.`uid` = '741ebb6f' ;

UPDATE `ComedyDB`.`Users` SET `time` = '1360686211' WHERE `Users`.`uid` = '741ebb6f' ;

UPDATE `ComedyDB`.`Users` SET `time` = '1360686235' WHERE `Users`.`uid` = '741ebb6f' ;

UPDATE `ComedyDB`.`Users` SET `time` = '1360686246' WHERE `Users`.`uid` = '741ebb6f' ;

UPDATE `ComedyDB`.`Users` SET `time` = '1360686268' WHERE `Users`.`uid` = '741ebb6f' ;

UPDATE `ComedyDB`.`Users` SET `time` = '1360686302' WHERE `Users`.`uid` = '741ebb6f' ;

UPDATE `ComedyDB`.`Users` SET `time` = '1360686318' WHERE `Users`.`uid` = '741ebb6f' ;

UPDATE `ComedyDB`.`Users` SET `time` = '1360686363' WHERE `Users`.`uid` = '741ebb6f' ;

UPDATE `ComedyDB`.`Users` SET `time` = '1360686380' WHERE `Users`.`uid` = '741ebb6f' ;

UPDATE `ComedyDB`.`Users` SET `time` = '1360686395' WHERE `Users`.`uid` = '741ebb6f' ;

UPDATE `ComedyDB`.`Users` SET `time` = '1360686447' WHERE `Users`.`uid` = '741ebb6f' ;

UPDATE `ComedyDB`.`Users` SET `time` = '1360686980' WHERE `Users`.`uid` = '741ebb6f' ;

UPDATE `ComedyDB`.`Users` SET `time` = '1360686986' WHERE `Users`.`uid` = '741ebb6f' ;

UPDATE `ComedyDB`.`Users` SET `time` = '1360686990' WHERE `Users`.`uid` = '741ebb6f' ;

UPDATE `ComedyDB`.`Users` SET `time` = '1360687626' WHERE `Users`.`uid` = '741ebb6f' ;

UPDATE `ComedyDB`.`Users` SET `time` = '1360689232' WHERE `Users`.`uid` = '741ebb6f' ;

UPDATE `ComedyDB`.`Users` SET `time` = '1360689541' WHERE `Users`.`uid` = '741ebb6f' ;

UPDATE `ComedyDB`.`Users` SET `time` = '1360689672' WHERE `Users`.`uid` = '741ebb6f' ;

UPDATE `ComedyDB`.`Users` SET `time` = '1360689740' WHERE `Users`.`uid` = '741ebb6f' ;

UPDATE `ComedyDB`.`Users` SET `time` = '1360689780' WHERE `Users`.`uid` = '741ebb6f' ;

UPDATE `ComedyDB`.`Users` SET `time` = '1360689796' WHERE `Users`.`uid` = '741ebb6f' ;

UPDATE `ComedyDB`.`Users` SET `time` = '1360689809' WHERE `Users`.`uid` = '741ebb6f' ;

UPDATE `ComedyDB`.`Users` SET `time` = '1360689830' WHERE `Users`.`uid` = '741ebb6f' ;

UPDATE `ComedyDB`.`Users` SET `time` = '1360690043' WHERE `Users`.`uid` = '741ebb6f' ;

UPDATE `ComedyDB`.`Users` SET `time` = '1360690048' WHERE `Users`.`uid` = '741ebb6f' ;

UPDATE `ComedyDB`.`Users` SET `time` = '1360690052' WHERE `Users`.`uid` = '741ebb6f' ;

UPDATE `ComedyDB`.`Users` SET `time` = '1360691194' WHERE `Users`.`uid` = '741ebb6f' ;

UPDATE `ComedyDB`.`Users` SET `time` = '1360691195' WHERE `Users`.`uid` = '741ebb6f' ;

UPDATE `ComedyDB`.`Users` SET `time` = '1360691197' WHERE `Users`.`uid` = '741ebb6f' ;

UPDATE `ComedyDB`.`Users` SET `time` = '1360691255' WHERE `Users`.`uid` = '741ebb6f' ;

UPDATE `ComedyDB`.`Users` SET `time` = '1360691256' WHERE `Users`.`uid` = '741ebb6f' ;

UPDATE `ComedyDB`.`Users` SET `time` = '1360691882' WHERE `Users`.`uid` = '741ebb6f' ;

UPDATE `ComedyDB`.`Users` SET `time` = '1360691884' WHERE `Users`.`uid` = '741ebb6f' ;

UPDATE `ComedyDB`.`Users` SET `time` = '1360691884' WHERE `Users`.`uid` = '741ebb6f' ;

UPDATE `ComedyDB`.`Users` SET `time` = '1360691886' WHERE `Users`.`uid` = '741ebb6f' ;

UPDATE `ComedyDB`.`Users` SET `time` = '1360691886' WHERE `Users`.`uid` = '741ebb6f' ;

UPDATE `ComedyDB`.`Users` SET `time` = '1360691887' WHERE `Users`.`uid` = '741ebb6f' ;

UPDATE `ComedyDB`.`Users` SET `time` = '1360691890' WHERE `Users`.`uid` = '741ebb6f' ;

UPDATE `ComedyDB`.`Users` SET `time` = '1360691896' WHERE `Users`.`uid` = '741ebb6f' ;

UPDATE `ComedyDB`.`Users` SET `time` = '1360691896' WHERE `Users`.`uid` = '741ebb6f' ;

UPDATE `ComedyDB`.`Users` SET `time` = '1360691903' WHERE `Users`.`uid` = '741ebb6f' ;

UPDATE `ComedyDB`.`Users` SET `time` = '1360691907' WHERE `Users`.`uid` = '741ebb6f' ;

UPDATE `ComedyDB`.`Users` SET `time` = '1360691908' WHERE `Users`.`uid` = '741ebb6f' ;

UPDATE `ComedyDB`.`Users` SET `time` = '1360691908' WHERE `Users`.`uid` = '741ebb6f' ;

UPDATE `ComedyDB`.`Users` SET `time` = '1360691911' WHERE `Users`.`uid` = '741ebb6f' ;

UPDATE `ComedyDB`.`Users` SET `time` = '1360691912' WHERE `Users`.`uid` = '741ebb6f' ;

UPDATE `ComedyDB`.`Users` SET `time` = '1360691912' WHERE `Users`.`uid` = '741ebb6f' ;

UPDATE `ComedyDB`.`Users` SET `time` = '1360691912' WHERE `Users`.`uid` = '741ebb6f' ;

UPDATE `ComedyDB`.`Users` SET `time` = '1360691912' WHERE `Users`.`uid` = '741ebb6f' ;

UPDATE `ComedyDB`.`Users` SET `time` = '1360691913' WHERE `Users`.`uid` = '741ebb6f' ;

UPDATE `ComedyDB`.`Users` SET `time` = '1360691913' WHERE `Users`.`uid` = '741ebb6f' ;

UPDATE `ComedyDB`.`Users` SET `time` = '1360691914' WHERE `Users`.`uid` = '741ebb6f' ;

UPDATE `ComedyDB`.`Users` SET `time` = '1360691914' WHERE `Users`.`uid` = '741ebb6f' ;

UPDATE `ComedyDB`.`Users` SET `time` = '1360691914' WHERE `Users`.`uid` = '741ebb6f' ;

UPDATE `ComedyDB`.`Users` SET `time` = '1360691983' WHERE `Users`.`uid` = '741ebb6f' ;

UPDATE `ComedyDB`.`Users` SET `time` = '1360691997' WHERE `Users`.`uid` = '741ebb6f' ;

UPDATE `ComedyDB`.`Users` SET `time` = '1360692207' WHERE `Users`.`uid` = '741ebb6f' ;

UPDATE `ComedyDB`.`Users` SET `time` = '1360692212' WHERE `Users`.`uid` = '741ebb6f' ;

UPDATE `ComedyDB`.`Users` SET `time` = '1360692214' WHERE `Users`.`uid` = '741ebb6f' ;

UPDATE `ComedyDB`.`Users` SET `time` = '1360692214' WHERE `Users`.`uid` = '741ebb6f' ;

UPDATE `ComedyDB`.`Users` SET `time` = '1360692215' WHERE `Users`.`uid` = '741ebb6f' ;

UPDATE `ComedyDB`.`Users` SET `time` = '1360692215' WHERE `Users`.`uid` = '741ebb6f' ;

UPDATE `ComedyDB`.`Users` SET `time` = '1360692215' WHERE `Users`.`uid` = '741ebb6f' ;

UPDATE `ComedyDB`.`Users` SET `time` = '1360692556' WHERE `Users`.`uid` = '741ebb6f' ;

UPDATE `ComedyDB`.`Users` SET `time` = '1360692560' WHERE `Users`.`uid` = '741ebb6f' ;

UPDATE `ComedyDB`.`Users` SET `time` = '1360692577' WHERE `Users`.`uid` = '741ebb6f' ;

UPDATE `ComedyDB`.`Users` SET `time` = '1360692617' WHERE `Users`.`uid` = '741ebb6f' ;

UPDATE `ComedyDB`.`Users` SET `time` = '1360692693' WHERE `Users`.`uid` = '741ebb6f' ;

UPDATE `ComedyDB`.`Users` SET `time` = '1360693494' WHERE `Users`.`uid` = '741ebb6f' ;

UPDATE `ComedyDB`.`Users` SET `time` = '1360693511' WHERE `Users`.`uid` = '741ebb6f' ;

UPDATE `ComedyDB`.`Users` SET `time` = '1360693729' WHERE `Users`.`uid` = '741ebb6f' ;

UPDATE `ComedyDB`.`Users` SET `time` = '1360694474' WHERE `Users`.`uid` = '741ebb6f' ;

UPDATE `ComedyDB`.`Users` SET `time` = '1360694496' WHERE `Users`.`uid` = '741ebb6f' ;

UPDATE `ComedyDB`.`Users` SET `time` = '1360694577' WHERE `Users`.`uid` = '741ebb6f' ;

UPDATE `ComedyDB`.`Users` SET `time` = '1360695177' WHERE `Users`.`uid` = '741ebb6f' ;

UPDATE `ComedyDB`.`Users` SET `time` = '1360695214' WHERE `Users`.`uid` = '741ebb6f' ;

UPDATE `ComedyDB`.`Users` SET `time` = '1360695404' WHERE `Users`.`uid` = '741ebb6f' ;

UPDATE `ComedyDB`.`Users` SET `time` = '1360695803' WHERE `Users`.`uid` = '741ebb6f' ;

UPDATE `ComedyDB`.`Users` SET `time` = '1360695893' WHERE `Users`.`uid` = '741ebb6f' ;

UPDATE `ComedyDB`.`Users` SET `time` = '1360695924' WHERE `Users`.`uid` = '741ebb6f' ;

UPDATE `ComedyDB`.`Users` SET `time` = '1360695969' WHERE `Users`.`uid` = '741ebb6f' ;

UPDATE `ComedyDB`.`Users` SET `time` = '1360696109' WHERE `Users`.`uid` = '741ebb6f' ;

UPDATE `ComedyDB`.`Users` SET `time` = '1360696219' WHERE `Users`.`uid` = '741ebb6f' ;

UPDATE `ComedyDB`.`Users` SET `time` = '1360696249' WHERE `Users`.`uid` = '741ebb6f' ;

UPDATE `ComedyDB`.`Users` SET `time` = '1360696276' WHERE `Users`.`uid` = '741ebb6f' ;

UPDATE `ComedyDB`.`Users` SET `time` = '1360696315' WHERE `Users`.`uid` = '741ebb6f' ;

UPDATE `ComedyDB`.`Users` SET `time` = '1360696379' WHERE `Users`.`uid` = '741ebb6f' ;

UPDATE `ComedyDB`.`Users` SET `time` = '1360696382' WHERE `Users`.`uid` = '741ebb6f' ;

UPDATE `ComedyDB`.`Users` SET `time` = '1360696680' WHERE `Users`.`uid` = '741ebb6f' ;

UPDATE `ComedyDB`.`Users` SET `time` = '1360696683' WHERE `Users`.`uid` = '741ebb6f' ;

UPDATE `ComedyDB`.`Users` SET `time` = '1360696817' WHERE `Users`.`uid` = '741ebb6f' ;

UPDATE `ComedyDB`.`Users` SET `time` = '1360696839' WHERE `Users`.`uid` = '741ebb6f' ;

UPDATE `ComedyDB`.`Users` SET `time` = '1360696963' WHERE `Users`.`uid` = '741ebb6f' ;

UPDATE `ComedyDB`.`Users` SET `time` = '1360696994' WHERE `Users`.`uid` = '741ebb6f' ;

UPDATE `ComedyDB`.`Users` SET `time` = '1360697013' WHERE `Users`.`uid` = '741ebb6f' ;

UPDATE `ComedyDB`.`Users` SET `time` = '1360697025' WHERE `Users`.`uid` = '741ebb6f' ;

UPDATE `ComedyDB`.`Users` SET `time` = '1360697144' WHERE `Users`.`uid` = '741ebb6f' ;

UPDATE `ComedyDB`.`Users` SET `time` = '1360697283' WHERE `Users`.`uid` = '741ebb6f' ;

UPDATE `ComedyDB`.`Users` SET `time` = '1360697284' WHERE `Users`.`uid` = '741ebb6f' ;

UPDATE `ComedyDB`.`Users` SET `time` = '1360697285' WHERE `Users`.`uid` = '741ebb6f' ;

UPDATE `ComedyDB`.`Users` SET `time` = '1360697285' WHERE `Users`.`uid` = '741ebb6f' ;

UPDATE `ComedyDB`.`Users` SET `time` = '1360697296' WHERE `Users`.`uid` = '741ebb6f' ;

UPDATE `ComedyDB`.`Users` SET `time` = '1360697296' WHERE `Users`.`uid` = '741ebb6f' ;

UPDATE `ComedyDB`.`Users` SET `time` = '1360697297' WHERE `Users`.`uid` = '741ebb6f' ;

UPDATE `ComedyDB`.`Users` SET `time` = '1360697316' WHERE `Users`.`uid` = '741ebb6f' ;

UPDATE `ComedyDB`.`Users` SET `time` = '1360697318' WHERE `Users`.`uid` = '741ebb6f' ;

UPDATE `ComedyDB`.`Users` SET `time` = '1360697318' WHERE `Users`.`uid` = '741ebb6f' ;

UPDATE `ComedyDB`.`Users` SET `time` = '1360697319' WHERE `Users`.`uid` = '741ebb6f' ;

UPDATE `ComedyDB`.`Users` SET `time` = '1360697319' WHERE `Users`.`uid` = '741ebb6f' ;

UPDATE `ComedyDB`.`Users` SET `time` = '1360697321' WHERE `Users`.`uid` = '741ebb6f' ;

UPDATE `ComedyDB`.`Users` SET `time` = '1360697321' WHERE `Users`.`uid` = '741ebb6f' ;

UPDATE `ComedyDB`.`Users` SET `time` = '1360697333' WHERE `Users`.`uid` = '741ebb6f' ;

UPDATE `ComedyDB`.`Users` SET `time` = '1360697354' WHERE `Users`.`uid` = '741ebb6f' ;

UPDATE `ComedyDB`.`Users` SET `time` = '1360697436' WHERE `Users`.`uid` = '741ebb6f' ;

UPDATE `ComedyDB`.`Users` SET `time` = '1360697451' WHERE `Users`.`uid` = '741ebb6f' ;

UPDATE `ComedyDB`.`Users` SET `time` = '1360697467' WHERE `Users`.`uid` = '741ebb6f' ;

UPDATE `ComedyDB`.`Users` SET `time` = '1360697495' WHERE `Users`.`uid` = '741ebb6f' ;

UPDATE `ComedyDB`.`Users` SET `time` = '1360697516' WHERE `Users`.`uid` = '741ebb6f' ;

UPDATE `ComedyDB`.`Users` SET `time` = '1360697526' WHERE `Users`.`uid` = '741ebb6f' ;

UPDATE `ComedyDB`.`Users` SET `time` = '1360697549' WHERE `Users`.`uid` = '741ebb6f' ;

UPDATE `ComedyDB`.`Users` SET `time` = '1360697575' WHERE `Users`.`uid` = '741ebb6f' ;

UPDATE `ComedyDB`.`Users` SET `time` = '1360697595' WHERE `Users`.`uid` = '741ebb6f' ;

UPDATE `ComedyDB`.`Users` SET `time` = '1360713332' WHERE `Users`.`uid` = '741ebb6f' ;

UPDATE `ComedyDB`.`Users` SET `time` = '1360713456' WHERE `Users`.`uid` = '741ebb6f' ;

UPDATE `ComedyDB`.`Users` SET `time` = '1360713631' WHERE `Users`.`uid` = '741ebb6f' ;

UPDATE `ComedyDB`.`Users` SET `time` = '1360713749' WHERE `Users`.`uid` = '741ebb6f' ;

UPDATE `ComedyDB`.`Users` SET `time` = '1360713858' WHERE `Users`.`uid` = '741ebb6f' ;

UPDATE `ComedyDB`.`Users` SET `time` = '1360713926' WHERE `Users`.`uid` = '741ebb6f' ;

UPDATE `ComedyDB`.`Users` SET `time` = '1360714115' WHERE `Users`.`uid` = '741ebb6f' ;

UPDATE `ComedyDB`.`Users` SET `time` = '1360714155' WHERE `Users`.`uid` = '741ebb6f' ;

UPDATE `ComedyDB`.`Users` SET `time` = '1360714180' WHERE `Users`.`uid` = '741ebb6f' ;

UPDATE `ComedyDB`.`Users` SET `time` = '1360714197' WHERE `Users`.`uid` = '741ebb6f' ;

UPDATE `ComedyDB`.`Users` SET `time` = '1360714310' WHERE `Users`.`uid` = '741ebb6f' ;

UPDATE `ComedyDB`.`Users` SET `time` = '1360714560' WHERE `Users`.`uid` = '741ebb6f' ;

UPDATE `ComedyDB`.`Users` SET `time` = '1360980656' WHERE `Users`.`uid` = '' ;

UPDATE `ComedyDB`.`Users` SET `time` = '1360980726' WHERE `Users`.`uid` = '' ;

UPDATE `ComedyDB`.`Users` SET `time` = '1360980763' WHERE `Users`.`uid` = '' ;

UPDATE `ComedyDB`.`Users` SET `time` = '1360980816' WHERE `Users`.`uid` = '' ;

UPDATE `ComedyDB`.`Users` SET `time` = '1360980947' WHERE `Users`.`uid` = '' ;

UPDATE `ComedyDB`.`Users` SET `time` = '1360981184' WHERE `Users`.`uid` = '' ;

UPDATE `ComedyDB`.`Users` SET `time` = '1360982338' WHERE `Users`.`uid` = '' ;

UPDATE `ComedyDB`.`Users` SET `time` = '1361062636' WHERE `Users`.`uid` = '741ebb6f' ;

UPDATE `ComedyDB`.`Users` SET `time` = '1361063598' WHERE `Users`.`uid` = '741ebb6f' ;

UPDATE `ComedyDB`.`Users` SET `time` = '1361063956' WHERE `Users`.`uid` = '741ebb6f' ;

UPDATE `ComedyDB`.`Users` SET `time` = '1361064000' WHERE `Users`.`uid` = '741ebb6f' ;

UPDATE `ComedyDB`.`Users` SET `time` = '1361064069' WHERE `Users`.`uid` = '741ebb6f' ;

UPDATE `ComedyDB`.`Users` SET `time` = '1361064150' WHERE `Users`.`uid` = '741ebb6f' ;

UPDATE `ComedyDB`.`Users` SET `time` = '1361064187' WHERE `Users`.`uid` = '741ebb6f' ;

UPDATE `ComedyDB`.`Users` SET `time` = '1361064363' WHERE `Users`.`uid` = '741ebb6f' ;

UPDATE `ComedyDB`.`Users` SET `time` = '1361064406' WHERE `Users`.`uid` = '741ebb6f' ;

UPDATE `ComedyDB`.`Users` SET `time` = '1361064427' WHERE `Users`.`uid` = '741ebb6f' ;

UPDATE `ComedyDB`.`Users` SET `time` = '1361064502' WHERE `Users`.`uid` = '741ebb6f' ;

UPDATE `ComedyDB`.`Users` SET `time` = '1361064566' WHERE `Users`.`uid` = '741ebb6f' ;

UPDATE `ComedyDB`.`Users` SET `time` = '1361064625' WHERE `Users`.`uid` = '741ebb6f' ;

UPDATE `ComedyDB`.`Users` SET `time` = '1361064654' WHERE `Users`.`uid` = '741ebb6f' ;

UPDATE `ComedyDB`.`Users` SET `time` = '1361064674' WHERE `Users`.`uid` = '741ebb6f' ;

UPDATE `ComedyDB`.`Users` SET `time` = '1361064711' WHERE `Users`.`uid` = '741ebb6f' ;

UPDATE `ComedyDB`.`Users` SET `time` = '1361064754' WHERE `Users`.`uid` = '741ebb6f' ;

UPDATE `ComedyDB`.`Users` SET `time` = '1361189271' WHERE `Users`.`uid` = '741ebb6f' ;

UPDATE `ComedyDB`.`Users` SET `time` = '1361189866' WHERE `Users`.`uid` = '741ebb6f' ;

UPDATE `ComedyDB`.`Users` SET `time` = '1361190105' WHERE `Users`.`uid` = '741ebb6f' ;

UPDATE `ComedyDB`.`Users` SET `time` = '1361190296' WHERE `Users`.`uid` = '741ebb6f' ;

UPDATE `ComedyDB`.`Users` SET `time` = '1361190329' WHERE `Users`.`uid` = '741ebb6f' ;

UPDATE `ComedyDB`.`Users` SET `time` = '1361190429' WHERE `Users`.`uid` = '741ebb6f' ;

UPDATE `ComedyDB`.`Users` SET `time` = '1361190517' WHERE `Users`.`uid` = '741ebb6f' ;

UPDATE `ComedyDB`.`Users` SET `time` = '1361190554' WHERE `Users`.`uid` = '741ebb6f' ;

UPDATE `ComedyDB`.`Users` SET `time` = '1361190617' WHERE `Users`.`uid` = '741ebb6f' ;

UPDATE `ComedyDB`.`Users` SET `time` = '1361190655' WHERE `Users`.`uid` = '741ebb6f' ;

UPDATE `ComedyDB`.`Users` SET `time` = '1361190688' WHERE `Users`.`uid` = '741ebb6f' ;

UPDATE `ComedyDB`.`Users` SET `time` = '1361190736' WHERE `Users`.`uid` = '741ebb6f' ;

UPDATE `ComedyDB`.`Users` SET `time` = '1361196272' WHERE `Users`.`uid` = '741ebb6f' ;

UPDATE `ComedyDB`.`Users` SET `time` = '1361225252' WHERE `Users`.`uid` = '741ebb6f' ;

UPDATE `ComedyDB`.`Users` SET `time` = '1363091499' WHERE `Users`.`uid` = '' ;

UPDATE `ComedyDB`.`Users` SET `time` = '1363091534' WHERE `Users`.`uid` = '' ;

INSERT INTO `Dictionary` (`english`, `russian`, `ukrainian`) VALUES ('Resident', 'Резидент', '');

UPDATE `ComedyDB`.`Users` SET `time` = '1363091579' WHERE `Users`.`uid` = '' ;

INSERT INTO `Dictionary` (`english`, `russian`, `ukrainian`) VALUES ('Resident', 'Резидент', 'Резидент');

UPDATE `ComedyDB`.`Users` SET `time` = '1363091616' WHERE `Users`.`uid` = '' ;

INSERT INTO `Dictionary` (`english`, `russian`, `ukrainian`) VALUES ('Active', 'Активность', 'Активність');

UPDATE `ComedyDB`.`Users` SET `time` = '1363092488' WHERE `Users`.`uid` = '' ;

UPDATE `ComedyDB`.`Users` SET `time` = '1363092575' WHERE `Users`.`uid` = '' ;

INSERT INTO `Dictionary` (`english`, `russian`, `ukrainian`) VALUES ('Select a language', 'Выберать язык ', 'Оберіть мову');

UPDATE `ComedyDB`.`Users` SET `time` = '1363092629' WHERE `Users`.`uid` = '' ;

INSERT INTO `Dictionary` (`english`, `russian`, `ukrainian`) VALUES ('English', 'Английский', 'Англійський');

UPDATE `ComedyDB`.`Users` SET `time` = '1363092661' WHERE `Users`.`uid` = '' ;

INSERT INTO `Dictionary` (`english`, `russian`, `ukrainian`) VALUES ('Russian', 'Русский', 'Російський');

UPDATE `ComedyDB`.`Users` SET `time` = '1363092684' WHERE `Users`.`uid` = '' ;

INSERT INTO `Dictionary` (`english`, `russian`, `ukrainian`) VALUES ('Ukrainian', 'Украинский', 'Український');

INSERT INTO `ComedyDB`.`Users` (`uid`, `name`, `nick`, `email`, `timestamp`) VALUES ('cb0a23cf', 'guest', 'Guest', 'anisimov@hotmail.com', '2013-03-12 06:27:31');

INSERT INTO `ComedyDB`.`Security` (`uid`, `password`, `timestamp`) VALUES ('cb0a23cf', 'cXdlcnR5', '2013-03-12 06:27:31');

UPDATE `ComedyDB`.Users SET `Users`.`privileges`='admin' WHERE `Users`.`uid`='cb0a23cf';

